Record Name,Titel,Opstilling,Lokalitet,Ophav,År,Note,Taxonomisk gruppe,Hæfte,Copyright,Taxonomisk gruppe_st
floradanica_0001.tif,Rubus Chamaemorus Linn.,Fol. Top. Bot. Danmark,"Danmark
Norge","Hornemann, Jens Wilken (6.3.1770-30.7.1841) botaniker 
Lange, Johan Martin Christian (20.3.1818-3.4.1898) botaniker 
Liebmann, Frederik Michael (10.10.1813-29.10.1856) botaniker 
Müller, Otto Frederik (2.3.1730-26.12.1784) botaniker 
Oeder, Georg Christian (3.2.1728-28.1.1791) botaniker 
Vahl, Martin (7.10.1749-24.12.1804) botaniker",1761,"Flora Danica Hft. 1, Tab. 1

Figur 1
Latinsk navn: Rubus chamaemorus L.
Dansk slægtsnavn: Multebær
Dansk familienavn: Rosenfamilien
Latinsk familienavn: Rosaceae",Digitale Samlinger: Digitale Samlinger: Billeder:Særudgivelser:Flora Danica:Taxonomisk gruppe:Karplanter,Digitale Samlinger: Billeder:Særudgivelser:Flora Danica:Hæfte:Hft.  1,Materialet er fri af ophavsret,Karplanter
floradanica_0006.tif,Cerastium alpinum L.,Fol. Top. Bot. Danmark,"Danmark
Norge","Hornemann, Jens Wilken (6.3.1770-30.7.1841) botaniker 
Lange, Johan Martin Christian (20.3.1818-3.4.1898) botaniker 
Liebmann, Frederik Michael (10.10.1813-29.10.1856) botaniker 
Müller, Otto Frederik (2.3.1730-26.12.1784) botaniker 
Oeder, Georg Christian (3.2.1728-28.1.1791) botaniker 
Vahl, Martin (7.10.1749-24.12.1804) botaniker",1761,"Flora Danica Hft. 1, Tab. 6

Figur 1
Latinsk navn: Cerastium alpinum L. ssp. alpinum
Dansk slægtsnavn: Hønsetarm
Dansk artsepitet: Almindelig Fjeld-
Dansk familienavn: Nellikefamilien
Latinsk familienavn: Caryophyllaceae
Alt. dansk slægtsnavn: Hønsetarm
Alt. dansk artsepitet: Fjeld-
Alt. latinske navne: Cerastium alpinum L.",Digitale Samlinger: Digitale Samlinger: Billeder:Særudgivelser:Flora Danica:Taxonomisk gruppe:Karplanter,Digitale Samlinger: Billeder:Særudgivelser:Flora Danica:Hæfte:Hft.  1,Materialet er fri af ophavsret,Karplanter
floradanica_0007.tif,Androsace septentrionalis L.,Fol. Top. Bot. Danmark,"Danmark
Norge","Hornemann, Jens Wilken (6.3.1770-30.7.1841) botaniker 
Lange, Johan Martin Christian (20.3.1818-3.4.1898) botaniker 
Liebmann, Frederik Michael (10.10.1813-29.10.1856) botaniker 
Müller, Otto Frederik (2.3.1730-26.12.1784) botaniker 
Oeder, Georg Christian (3.2.1728-28.1.1791) botaniker 
Vahl, Martin (7.10.1749-24.12.1804) botaniker",1761,"Flora Danica Hft. 1, Tab. 7

Figur 1
Latinsk navn: Androsace septentrionale L.
Dansk slægtsnavn: Fjeldarve
Dansk artsepitet: Almindelig
Dansk familienavn: Kodriverfamilien
Latinsk familienavn: Primulaceae
Alt. dansk slægtsnavn: Fjeldarve",Digitale Samlinger: Digitale Samlinger: Billeder:Særudgivelser:Flora Danica:Taxonomisk gruppe:Karplanter,Digitale Samlinger: Billeder:Særudgivelser:Flora Danica:Hæfte:Hft.  1,Materialet er fri af ophavsret,Karplanter
floradanica_0011.tif,Thalictrum alpinum L.,Fol. Top. Bot. Danmark,"Danmark
Norge","Hornemann, Jens Wilken (6.3.1770-30.7.1841) botaniker 
Lange, Johan Martin Christian (20.3.1818-3.4.1898) botaniker 
Liebmann, Frederik Michael (10.10.1813-29.10.1856) botaniker 
Müller, Otto Frederik (2.3.1730-26.12.1784) botaniker 
Oeder, Georg Christian (3.2.1728-28.1.1791) botaniker 
Vahl, Martin (7.10.1749-24.12.1804) botaniker",1761,"Flora Danica Hft. 1, Tab. 11

Figur 1
Latinsk navn: Thalictrum alpinum L.
Dansk slægtsnavn: Frøstjerne
Dansk artsepitet: Fjeld-
Dansk familienavn: Ranunkelfamilien
Latinsk familienavn: Ranunculaceae",Digitale Samlinger: Digitale Samlinger: Billeder:Særudgivelser:Flora Danica:Taxonomisk gruppe:Karplanter,Digitale Samlinger: Billeder:Særudgivelser:Flora Danica:Hæfte:Hft.  1,Materialet er fri af ophavsret,Karplanter
floradanica_0017.tif,Gentiana nivalis L.,Fol. Top. Bot. Danmark,"Danmark
Norge","Hornemann, Jens Wilken (6.3.1770-30.7.1841) botaniker 
Lange, Johan Martin Christian (20.3.1818-3.4.1898) botaniker 
Liebmann, Frederik Michael (10.10.1813-29.10.1856) botaniker 
Müller, Otto Frederik (2.3.1730-26.12.1784) botaniker 
Oeder, Georg Christian (3.2.1728-28.1.1791) botaniker 
Vahl, Martin (7.10.1749-24.12.1804) botaniker",1761,"Flora Danica Hft. 1, Tab. 17

Figur 1
Latinsk navn: Gentiana nivalis L.
Dansk slægtsnavn: Ensian
Dansk artsepitet: Sne-
Dansk familienavn: Ensianfamilien
Latinsk familienavn: Gentianaceae",Digitale Samlinger: Digitale Samlinger: Billeder:Særudgivelser:Flora Danica:Taxonomisk gruppe:Karplanter,Digitale Samlinger: Billeder:Særudgivelser:Flora Danica:Hæfte:Hft.  1,Materialet er fri af ophavsret,Karplanter
floradanica_0018.tif,Lunaria racemosa multifido folio Breyn / Osmunda Lunaria L. / Lunaria racemosa minor adianti folio,Fol. Top. Bot. Danmark,"Danmark
Norge","Hornemann, Jens Wilken (6.3.1770-30.7.1841) botaniker 
Lange, Johan Martin Christian (20.3.1818-3.4.1898) botaniker 
Liebmann, Frederik Michael (10.10.1813-29.10.1856) botaniker 
Müller, Otto Frederik (2.3.1730-26.12.1784) botaniker 
Oeder, Georg Christian (3.2.1728-28.1.1791) botaniker 
Vahl, Martin (7.10.1749-24.12.1804) botaniker",1761,"Flora Danica Hft. 1, Tab. 18

Figur 1
Latinsk navn: Botrychium virginianum (L.) Swartz in Schrader
Dansk slægtsnavn: Månerude
Dansk artsepitet: Stor
Lange nomenklator: Botrychium ternatum (Thunb.) Sw. [beta], europaeum Milde 2)
Dansk familienavn: Slangetungefamilien
Latinsk familienavn: Ophioglossaceae
Alt. dansk slægtsnavn: Månerude
Alt. dansk artsepitet: Virginsk

Figur 2
Latinsk navn: Botrychium lunaria (L.) Swartz in Schrader
Dansk slægtsnavn: Månerude
Dansk artsepitet: Almindelig
Lange nomenklator: Botrychium Lunaria (L.) Sw.
Dansk familienavn: Slangetungefamilien
Latinsk familienavn: Ophioglossaceae

Figur 3
Latinsk navn: Botrychium lanceolatum (S. G. Gmelin) Ångström
Dansk slægtsnavn: Månerude
Dansk artsepitet: Fliget
Lange nomenklator: Botrychium lanceolatum Ångstr.
Dansk familienavn: Slangetungefamilien
Latinsk familienavn: Ophioglossaceae",Digitale Samlinger: Digitale Samlinger: Billeder:Særudgivelser:Flora Danica:Taxonomisk gruppe:Karplanter,Digitale Samlinger: Billeder:Særudgivelser:Flora Danica:Hæfte:Hft.  1,Materialet er fri af ophavsret,Karplanter
floradanica_0019.tif,Ranunculus glacialis L.,Fol. Top. Bot. Danmark,"Danmark
Norge","Hornemann, Jens Wilken (6.3.1770-30.7.1841) botaniker 
Lange, Johan Martin Christian (20.3.1818-3.4.1898) botaniker 
Liebmann, Frederik Michael (10.10.1813-29.10.1856) botaniker 
Müller, Otto Frederik (2.3.1730-26.12.1784) botaniker 
Oeder, Georg Christian (3.2.1728-28.1.1791) botaniker 
Vahl, Martin (7.10.1749-24.12.1804) botaniker",1761,"Flora Danica Hft. 1, Tab. 19

Figur 1
Latinsk navn: Ranunculus glacialis L.
Dansk slægtsnavn: Ranunkel
Dansk artsepitet: Is-
Dansk familienavn: Ranunkelfamilien
Latinsk familienavn: Ranunculaceae
Alt. latinske navne: ""Ranunculus gelidus Hoffmanns.; Beckwithia glacialis (L.) Á. & D. Löve; Oxygraphus vulgaris Freyn""",Digitale Samlinger: Digitale Samlinger: Billeder:Særudgivelser:Flora Danica:Taxonomisk gruppe:Karplanter,Digitale Samlinger: Billeder:Særudgivelser:Flora Danica:Hæfte:Hft.  1,Materialet er fri af ophavsret,Karplanter
floradanica_0024.tif,Sedum villosum L.,Fol. Top. Bot. Danmark,"Danmark
Norge","Hornemann, Jens Wilken (6.3.1770-30.7.1841) botaniker 
Lange, Johan Martin Christian (20.3.1818-3.4.1898) botaniker 
Liebmann, Frederik Michael (10.10.1813-29.10.1856) botaniker 
Müller, Otto Frederik (2.3.1730-26.12.1784) botaniker 
Oeder, Georg Christian (3.2.1728-28.1.1791) botaniker 
Vahl, Martin (7.10.1749-24.12.1804) botaniker",1761,"Flora Danica Hft. 1, Tab. 24

Figur 1
Latinsk navn: Sedum villosum L.
Dansk slægtsnavn: Stenurt
Dansk artsepitet: Lådden
Dansk familienavn: Stenurtfamilien
Latinsk familienavn: Crassulaceae",Digitale Samlinger: Digitale Samlinger: Billeder:Særudgivelser:Flora Danica:Taxonomisk gruppe:Karplanter,Digitale Samlinger: Billeder:Særudgivelser:Flora Danica:Hæfte:Hft.  1,Materialet er fri af ophavsret,Karplanter
floradanica_0025.tif,Pulmonaria maritima L.,Fol. Top. Bot. Danmark,"Danmark
Norge","Hornemann, Jens Wilken (6.3.1770-30.7.1841) botaniker 
Lange, Johan Martin Christian (20.3.1818-3.4.1898) botaniker 
Liebmann, Frederik Michael (10.10.1813-29.10.1856) botaniker 
Müller, Otto Frederik (2.3.1730-26.12.1784) botaniker 
Oeder, Georg Christian (3.2.1728-28.1.1791) botaniker 
Vahl, Martin (7.10.1749-24.12.1804) botaniker",1761,"Flora Danica Hft. 1, Tab. 25

Figur 1
Latinsk navn: Mertensia maritima (L.) S. F. Gray
Dansk slægtsnavn: Hestetunge
Dansk artsepitet: Nordisk
Lange nomenklator: Stenhammaria (L.) Rchb. (Mertensia Link).
Dansk familienavn: Rubladfamilien
Latinsk familienavn: Boraginaceae
Alt. dansk slægtsnavn: Hestetunge
Alt. dansk artsepitet: Strand-
Alt. latinske navne: ""Pulmonaria maritima L.; Hippoglossum maritimum (L.) Hartman""",Digitale Samlinger: Digitale Samlinger: Billeder:Særudgivelser:Flora Danica:Taxonomisk gruppe:Karplanter,Digitale Samlinger: Billeder:Særudgivelser:Flora Danica:Hæfte:Hft.  1,Materialet er fri af ophavsret,Karplanter
floradanica_0026.tif,Pedicularis Sceptrum carolinum L.,Fol. Top. Bot. Danmark,"Danmark
Norge","Hornemann, Jens Wilken (6.3.1770-30.7.1841) botaniker 
Lange, Johan Martin Christian (20.3.1818-3.4.1898) botaniker 
Liebmann, Frederik Michael (10.10.1813-29.10.1856) botaniker 
Müller, Otto Frederik (2.3.1730-26.12.1784) botaniker 
Oeder, Georg Christian (3.2.1728-28.1.1791) botaniker 
Vahl, Martin (7.10.1749-24.12.1804) botaniker",1761,"Flora Danica Hft. 1, Tab. 26

Figur 1
Latinsk navn: Pedicularis sceptrum-carolinum L.
Dansk slægtsnavn: Kongescepter
Dansk familienavn: Maskeblomstfamilien
Latinsk familienavn: Scrophulariaceae",Digitale Samlinger: Digitale Samlinger: Billeder:Særudgivelser:Flora Danica:Taxonomisk gruppe:Karplanter,Digitale Samlinger: Billeder:Særudgivelser:Flora Danica:Hæfte:Hft.  1,Materialet er fri af ophavsret,Karplanter
floradanica_0028.tif,Saxifraga nivalis L.,Fol. Top. Bot. Danmark,"Danmark
Norge","Hornemann, Jens Wilken (6.3.1770-30.7.1841) botaniker 
Lange, Johan Martin Christian (20.3.1818-3.4.1898) botaniker 
Liebmann, Frederik Michael (10.10.1813-29.10.1856) botaniker 
Müller, Otto Frederik (2.3.1730-26.12.1784) botaniker 
Oeder, Georg Christian (3.2.1728-28.1.1791) botaniker 
Vahl, Martin (7.10.1749-24.12.1804) botaniker",1761,"Flora Danica Hft. 1, Tab. 28

Figur 1
Latinsk navn: Saxifraga nivalis L.
Dansk slægtsnavn: Stenbræk
Dansk artsepitet: Sne-
Dansk familienavn: Stenbrækfamilien
Latinsk familienavn: Saxifragaceae",Digitale Samlinger: Digitale Samlinger: Billeder:Særudgivelser:Flora Danica:Taxonomisk gruppe:Karplanter,Digitale Samlinger: Billeder:Særudgivelser:Flora Danica:Hæfte:Hft.  1,Materialet er fri af ophavsret,Karplanter
floradanica_0029.tif,Anemone vernalis L.,Fol. Top. Bot. Danmark,"Danmark
Norge","Hornemann, Jens Wilken (6.3.1770-30.7.1841) botaniker 
Lange, Johan Martin Christian (20.3.1818-3.4.1898) botaniker 
Liebmann, Frederik Michael (10.10.1813-29.10.1856) botaniker 
Müller, Otto Frederik (2.3.1730-26.12.1784) botaniker 
Oeder, Georg Christian (3.2.1728-28.1.1791) botaniker 
Vahl, Martin (7.10.1749-24.12.1804) botaniker",1761,"Flora Danica Hft. 1, Tab. 29

Figur 1
Latinsk navn: Pulsatilla vernalis (L.) Miller
Dansk slægtsnavn: Kobjælde
Dansk artsepitet: Vår-
Lange nomenklator: Pulsatilla vernalis (L.) Mill.
Dansk familienavn: Ranunkelfamilien
Latinsk familienavn: Ranunculaceae
Alt. latinske navne: Anemone vernalis L.",Digitale Samlinger: Digitale Samlinger: Billeder:Særudgivelser:Flora Danica:Taxonomisk gruppe:Karplanter,Digitale Samlinger: Billeder:Særudgivelser:Flora Danica:Hæfte:Hft.  1,Materialet er fri af ophavsret,Karplanter
floradanica_0030.tif,Pedicularis flammea Oed. (non L.),Fol. Top. Bot. Danmark,"Danmark
Norge","Hornemann, Jens Wilken (6.3.1770-30.7.1841) botaniker 
Lange, Johan Martin Christian (20.3.1818-3.4.1898) botaniker 
Liebmann, Frederik Michael (10.10.1813-29.10.1856) botaniker 
Müller, Otto Frederik (2.3.1730-26.12.1784) botaniker 
Oeder, Georg Christian (3.2.1728-28.1.1791) botaniker 
Vahl, Martin (7.10.1749-24.12.1804) botaniker",1761,"Flora Danica Hft. 1, Tab. 30

Figur 1
Latinsk navn: Pedicularis oederi Vahl in Hornem.
Dansk slægtsnavn: Troldurt
Dansk artsepitet: Oeders
Lange nomenklator: Pedicularis Oederi Vahl.
Dansk familienavn: Maskeblomstfamilien
Latinsk familienavn: Scrophulariaceae",Digitale Samlinger: Digitale Samlinger: Billeder:Særudgivelser:Flora Danica:Taxonomisk gruppe:Karplanter,Digitale Samlinger: Billeder:Særudgivelser:Flora Danica:Hæfte:Hft.  1,Materialet er fri af ophavsret,Karplanter
floradanica_0031.tif,Dryas octopetala L.,Fol. Top. Bot. Danmark,"Danmark
Norge","Hornemann, Jens Wilken (6.3.1770-30.7.1841) botaniker 
Lange, Johan Martin Christian (20.3.1818-3.4.1898) botaniker 
Liebmann, Frederik Michael (10.10.1813-29.10.1856) botaniker 
Müller, Otto Frederik (2.3.1730-26.12.1784) botaniker 
Oeder, Georg Christian (3.2.1728-28.1.1791) botaniker 
Vahl, Martin (7.10.1749-24.12.1804) botaniker",1761,"Flora Danica Hft. 1, Tab. 31

Figur 1
Latinsk navn: Dryas octopetala L.
Dansk slægtsnavn: Fjeldsimmer
Dansk artsepitet: Kirtel-
Dansk familienavn: Rosenfamilien
Latinsk familienavn: Rosaceae
Alt. dansk slægtsnavn: Rypelyng
Alt. dansk artsepitet: Almindelig",Digitale Samlinger: Digitale Samlinger: Billeder:Særudgivelser:Flora Danica:Taxonomisk gruppe:Karplanter,Digitale Samlinger: Billeder:Særudgivelser:Flora Danica:Hæfte:Hft.  1,Materialet er fri af ophavsret,Karplanter
floradanica_0032.tif,Sibbaldia procumbens L.,Fol. Top. Bot. Danmark,"Danmark
Norge","Hornemann, Jens Wilken (6.3.1770-30.7.1841) botaniker 
Lange, Johan Martin Christian (20.3.1818-3.4.1898) botaniker 
Liebmann, Frederik Michael (10.10.1813-29.10.1856) botaniker 
Müller, Otto Frederik (2.3.1730-26.12.1784) botaniker 
Oeder, Georg Christian (3.2.1728-28.1.1791) botaniker 
Vahl, Martin (7.10.1749-24.12.1804) botaniker",1761,"Flora Danica Hft. 1, Tab. 32

Figur 1
Latinsk navn: Sibbaldia procumbens L.
Dansk slægtsnavn: Trefingerurt
Dansk familienavn: Rosenfamilien
Latinsk familienavn: Rosaceae
Alt. dansk slægtsnavn: Sibbaldie",Digitale Samlinger: Digitale Samlinger: Billeder:Særudgivelser:Flora Danica:Taxonomisk gruppe:Karplanter,Digitale Samlinger: Billeder:Særudgivelser:Flora Danica:Hæfte:Hft.  1,Materialet er fri af ophavsret,Karplanter
floradanica_0036.tif,Anthericum calyculatum Oed.,Fol. Top. Bot. Danmark,"Danmark
Norge","Hornemann, Jens Wilken (6.3.1770-30.7.1841) botaniker 
Lange, Johan Martin Christian (20.3.1818-3.4.1898) botaniker 
Liebmann, Frederik Michael (10.10.1813-29.10.1856) botaniker 
Müller, Otto Frederik (2.3.1730-26.12.1784) botaniker 
Oeder, Georg Christian (3.2.1728-28.1.1791) botaniker 
Vahl, Martin (7.10.1749-24.12.1804) botaniker",1761,"Flora Danica Hft. 1, Tab. 36

Figur 1
Latinsk navn: Tofielda pusilla (Michx.) Pers.
Dansk slægtsnavn: Bjørnebrod
Dansk artsepitet: Fjeld-
Lange nomenklator: Tofieldia borealis Wahlenb. (T. palustris Huds.). 4)
Dansk familienavn: Liljefamilien
Latinsk familienavn: Liliaceae
Alt. latinske navne: Tofielda palustris Hudson",Digitale Samlinger: Digitale Samlinger: Billeder:Særudgivelser:Flora Danica:Taxonomisk gruppe:Karplanter,Digitale Samlinger: Billeder:Særudgivelser:Flora Danica:Hæfte:Hft.  1,Materialet er fri af ophavsret,Karplanter
floradanica_0037.tif,Serratula alpina L.,Fol. Top. Bot. Danmark,"Danmark
Norge","Hornemann, Jens Wilken (6.3.1770-30.7.1841) botaniker 
Lange, Johan Martin Christian (20.3.1818-3.4.1898) botaniker 
Liebmann, Frederik Michael (10.10.1813-29.10.1856) botaniker 
Müller, Otto Frederik (2.3.1730-26.12.1784) botaniker 
Oeder, Georg Christian (3.2.1728-28.1.1791) botaniker 
Vahl, Martin (7.10.1749-24.12.1804) botaniker",1761,"Flora Danica Hft. 1, Tab. 37

Figur 1
Latinsk navn: Saussurea alpina (L.) DC.
Dansk slægtsnavn: Fjeldskær
Dansk artsepitet: Nordisk
Lange nomenklator: Saussurea alpina (L.) DC.
Dansk familienavn: Kurvblomstfamilien
Latinsk familienavn: Asteraceae
Alt. dansk slægtsnavn: Fjeldskær
Alt. latinske navne: ""Saussurea alpina (L.) DC. ssp. alpina; Serratula alpina L.""",Digitale Samlinger: Digitale Samlinger: Billeder:Særudgivelser:Flora Danica:Taxonomisk gruppe:Karplanter,Digitale Samlinger: Billeder:Særudgivelser:Flora Danica:Hæfte:Hft.  1,Materialet er fri af ophavsret,Karplanter
floradanica_0038.tif,Erica cinerea L.,Fol. Top. Bot. Danmark,"Danmark
Norge","Hornemann, Jens Wilken (6.3.1770-30.7.1841) botaniker 
Lange, Johan Martin Christian (20.3.1818-3.4.1898) botaniker 
Liebmann, Frederik Michael (10.10.1813-29.10.1856) botaniker 
Müller, Otto Frederik (2.3.1730-26.12.1784) botaniker 
Oeder, Georg Christian (3.2.1728-28.1.1791) botaniker 
Vahl, Martin (7.10.1749-24.12.1804) botaniker",1761,"Flora Danica Hft. 1, Tab. 38

Figur 1
Latinsk navn: Erica cinerea L.
Dansk slægtsnavn: Grålyng
Dansk familienavn: Lyngfamilien
Latinsk familienavn: Ericaceae",Digitale Samlinger: Digitale Samlinger: Billeder:Særudgivelser:Flora Danica:Taxonomisk gruppe:Karplanter,Digitale Samlinger: Billeder:Særudgivelser:Flora Danica:Hæfte:Hft.  1,Materialet er fri af ophavsret,Karplanter
floradanica_0039.tif,Lobelia Dortmanna L.,Fol. Top. Bot. Danmark,"Danmark
Norge","Hornemann, Jens Wilken (6.3.1770-30.7.1841) botaniker 
Lange, Johan Martin Christian (20.3.1818-3.4.1898) botaniker 
Liebmann, Frederik Michael (10.10.1813-29.10.1856) botaniker 
Müller, Otto Frederik (2.3.1730-26.12.1784) botaniker 
Oeder, Georg Christian (3.2.1728-28.1.1791) botaniker 
Vahl, Martin (7.10.1749-24.12.1804) botaniker",1761,"Flora Danica Hft. 1, Tab. 39

Figur 1
Latinsk navn: Lobelia dortmanna L.
Dansk slægtsnavn: Lobelie
Dansk artsepitet: Tvepibet
Dansk familienavn: Klokkefamilien
Latinsk familienavn: Campanulaceae",Digitale Samlinger: Digitale Samlinger: Billeder:Særudgivelser:Flora Danica:Taxonomisk gruppe:Karplanter,Digitale Samlinger: Billeder:Særudgivelser:Flora Danica:Hæfte:Hft.  1,Materialet er fri af ophavsret,Karplanter
floradanica_0050.tif,Gentiana purpurea L.,Fol. Top. Bot. Danmark,"Danmark
Norge","Hornemann, Jens Wilken (6.3.1770-30.7.1841) botaniker 
Lange, Johan Martin Christian (20.3.1818-3.4.1898) botaniker 
Liebmann, Frederik Michael (10.10.1813-29.10.1856) botaniker 
Müller, Otto Frederik (2.3.1730-26.12.1784) botaniker 
Oeder, Georg Christian (3.2.1728-28.1.1791) botaniker 
Vahl, Martin (7.10.1749-24.12.1804) botaniker",1761,"Flora Danica Hft. 1, Tab. 50

Figur 1
Latinsk navn: Gentiana purpurea L.
Dansk slægtsnavn: Ensian
Dansk artsepitet: Purpur-
Dansk familienavn: Ensianfamilien
Latinsk familienavn: Gentianaceae",Digitale Samlinger: Digitale Samlinger: Billeder:Særudgivelser:Flora Danica:Taxonomisk gruppe:Karplanter,Digitale Samlinger: Billeder:Særudgivelser:Flora Danica:Hæfte:Hft.  1,Materialet er fri af ophavsret,Karplanter
floradanica_0052.tif,Veronica spicata L.,Fol. Top. Bot. Danmark,"Danmark
Norge","Hornemann, Jens Wilken (6.3.1770-30.7.1841) botaniker 
Lange, Johan Martin Christian (20.3.1818-3.4.1898) botaniker 
Liebmann, Frederik Michael (10.10.1813-29.10.1856) botaniker 
Müller, Otto Frederik (2.3.1730-26.12.1784) botaniker 
Oeder, Georg Christian (3.2.1728-28.1.1791) botaniker 
Vahl, Martin (7.10.1749-24.12.1804) botaniker",1761,"Flora Danica Hft. 1, Tab. 52

Figur 1
Latinsk navn: Veronica spicata L.
Dansk slægtsnavn: Ærenpris
Dansk artsepitet: Aks-
Dansk familienavn: Maskeblomstfamilien
Latinsk familienavn: Scrophulariaceae
Alt. latinske navne: ""Pseudolysimachium spicatum (L.) Opiz; Veronica spicata L. ssp. spicata""",Digitale Samlinger: Digitale Samlinger: Billeder:Særudgivelser:Flora Danica:Taxonomisk gruppe:Karplanter,Digitale Samlinger: Billeder:Særudgivelser:Flora Danica:Hæfte:Hft.  1,Materialet er fri af ophavsret,Karplanter
floradanica_0054.tif,Andromeda polifolia L.,Fol. Top. Bot. Danmark,"Danmark
Norge","Hornemann, Jens Wilken (6.3.1770-30.7.1841) botaniker 
Lange, Johan Martin Christian (20.3.1818-3.4.1898) botaniker 
Liebmann, Frederik Michael (10.10.1813-29.10.1856) botaniker 
Müller, Otto Frederik (2.3.1730-26.12.1784) botaniker 
Oeder, Georg Christian (3.2.1728-28.1.1791) botaniker 
Vahl, Martin (7.10.1749-24.12.1804) botaniker",1761,"Flora Danica Hft. 1, Tab. 54

Figur 1
Latinsk navn: Andromeda polifolia L.
Dansk slægtsnavn: Rosmarinlyng
Dansk familienavn: Lyngfamilien
Latinsk familienavn: Ericaceae
Alt. dansk slægtsnavn: Rosmarinlyng
Alt. dansk artsepitet: Almindelig",Digitale Samlinger: Digitale Samlinger: Billeder:Særudgivelser:Flora Danica:Taxonomisk gruppe:Karplanter,Digitale Samlinger: Billeder:Særudgivelser:Flora Danica:Hæfte:Hft.  1,Materialet er fri af ophavsret,Karplanter
floradanica_0056.tif,Draba alpina L.,Fol. Top. Bot. Danmark,"Danmark
Norge","Hornemann, Jens Wilken (6.3.1770-30.7.1841) botaniker 
Lange, Johan Martin Christian (20.3.1818-3.4.1898) botaniker 
Liebmann, Frederik Michael (10.10.1813-29.10.1856) botaniker 
Müller, Otto Frederik (2.3.1730-26.12.1784) botaniker 
Oeder, Georg Christian (3.2.1728-28.1.1791) botaniker 
Vahl, Martin (7.10.1749-24.12.1804) botaniker",1761,"Flora Danica Hft. 1, Tab. 56

Figur 1
Latinsk navn: Draba alpina L.
Dansk slægtsnavn: Draba
Dansk artsepitet: Alpe-
Dansk familienavn: Korsblomstfamilien
Latinsk familienavn: Brassicaceae",Digitale Samlinger: Digitale Samlinger: Billeder:Særudgivelser:Flora Danica:Taxonomisk gruppe:Karplanter,Digitale Samlinger: Billeder:Særudgivelser:Flora Danica:Hæfte:Hft.  1,Materialet er fri af ophavsret,Karplanter
floradanica_0057.tif,Andromeda coerulea L.,Fol. Top. Bot. Danmark,"Danmark
Norge","Hornemann, Jens Wilken (6.3.1770-30.7.1841) botaniker 
Lange, Johan Martin Christian (20.3.1818-3.4.1898) botaniker 
Liebmann, Frederik Michael (10.10.1813-29.10.1856) botaniker 
Müller, Otto Frederik (2.3.1730-26.12.1784) botaniker 
Oeder, Georg Christian (3.2.1728-28.1.1791) botaniker 
Vahl, Martin (7.10.1749-24.12.1804) botaniker",1761,"Flora Danica Hft. 1, Tab. 57

Figur 1
Latinsk navn: Phyllodoce caerulea (L.) Bab.
Dansk slægtsnavn: Blålyng
Lange nomenklator: Phyllodoce coerulea (L.) Gren. et Godr. (Ph. taxifolia Salisb.).
Dansk familienavn: Lyngfamilien
Latinsk familienavn: Ericaceae
Alt. latinske navne: Andromeda coerulea L.",Digitale Samlinger: Digitale Samlinger: Billeder:Særudgivelser:Flora Danica:Taxonomisk gruppe:Karplanter,Digitale Samlinger: Billeder:Særudgivelser:Flora Danica:Hæfte:Hft.  1,Materialet er fri af ophavsret,Karplanter
floradanica_0058.tif,Vicia lathyroides L.,Fol. Top. Bot. Danmark,"Danmark
Norge","Hornemann, Jens Wilken (6.3.1770-30.7.1841) botaniker 
Lange, Johan Martin Christian (20.3.1818-3.4.1898) botaniker 
Liebmann, Frederik Michael (10.10.1813-29.10.1856) botaniker 
Müller, Otto Frederik (2.3.1730-26.12.1784) botaniker 
Oeder, Georg Christian (3.2.1728-28.1.1791) botaniker 
Vahl, Martin (7.10.1749-24.12.1804) botaniker",1761,"Flora Danica Hft. 1, Tab. 58

Figur 1
Latinsk navn: Vicia lathyroides L.
Dansk slægtsnavn: Vikke
Dansk artsepitet: Vår-
Dansk familienavn: Ærteblomstfamilien
Latinsk familienavn: Fabaceae",Digitale Samlinger: Digitale Samlinger: Billeder:Særudgivelser:Flora Danica:Taxonomisk gruppe:Karplanter,Digitale Samlinger: Billeder:Særudgivelser:Flora Danica:Hæfte:Hft.  1,Materialet er fri af ophavsret,Karplanter
floradanica_0059.tif,Sedum rupestre Oed. (non L.),Fol. Top. Bot. Danmark,"Danmark
Norge","Hornemann, Jens Wilken (6.3.1770-30.7.1841) botaniker 
Lange, Johan Martin Christian (20.3.1818-3.4.1898) botaniker 
Liebmann, Frederik Michael (10.10.1813-29.10.1856) botaniker 
Müller, Otto Frederik (2.3.1730-26.12.1784) botaniker 
Oeder, Georg Christian (3.2.1728-28.1.1791) botaniker 
Vahl, Martin (7.10.1749-24.12.1804) botaniker",1761,"Flora Danica Hft. 1, Tab. 59

Figur 1
Latinsk navn: Sedum annuum L.
Dansk slægtsnavn: Stenurt
Dansk artsepitet: Liden
Lange nomenklator: Sedum annuum L.
Dansk familienavn: Stenurtfamilien
Latinsk familienavn: Crassulaceae",Digitale Samlinger: Digitale Samlinger: Billeder:Særudgivelser:Flora Danica:Taxonomisk gruppe:Karplanter,Digitale Samlinger: Billeder:Særudgivelser:Flora Danica:Hæfte:Hft.  1,Materialet er fri af ophavsret,Karplanter
floradanica_0064.tif,Peplis portula L.,Fol. Top. Bot. Danmark,"Danmark
Norge","Hornemann, Jens Wilken (6.3.1770-30.7.1841) botaniker 
Lange, Johan Martin Christian (20.3.1818-3.4.1898) botaniker 
Liebmann, Frederik Michael (10.10.1813-29.10.1856) botaniker 
Müller, Otto Frederik (2.3.1730-26.12.1784) botaniker 
Oeder, Georg Christian (3.2.1728-28.1.1791) botaniker 
Vahl, Martin (7.10.1749-24.12.1804) botaniker",1763,"Flora Danica Hft. 2, Tab. 64

Figur 1
Latinsk navn: Peplis portula
Dansk slægtsnavn: Vandportulak
Dansk familienavn: Kattehalefamilien
Latinsk familienavn: Lythraceae",Digitale Samlinger: Digitale Samlinger: Billeder:Særudgivelser:Flora Danica:Taxonomisk gruppe:Karplanter,Digitale Samlinger: Billeder:Særudgivelser:Flora Danica:Hæfte:Hft.  2,Materialet er fri af ophavsret,Karplanter
floradanica_0065.tif,Lychnis alpina L.,Fol. Top. Bot. Danmark,"Danmark
Norge","Hornemann, Jens Wilken (6.3.1770-30.7.1841) botaniker 
Lange, Johan Martin Christian (20.3.1818-3.4.1898) botaniker 
Liebmann, Frederik Michael (10.10.1813-29.10.1856) botaniker 
Müller, Otto Frederik (2.3.1730-26.12.1784) botaniker 
Oeder, Georg Christian (3.2.1728-28.1.1791) botaniker 
Vahl, Martin (7.10.1749-24.12.1804) botaniker",1763,"Flora Danica Hft. 2, Tab. 65

Figur 1
Latinsk navn: Lychnis alpina L. ssp. alpina
Dansk slægtsnavn: Tjærenellike
Dansk artsepitet: Alpe-
Lange nomenklator: Viscaria alpina (L.) Fzl.
Dansk familienavn: Nellikefamilien
Latinsk familienavn: Caryophyllaceae
Alt. dansk slægtsnavn: Tjærenellike
Alt. dansk artsepitet: Fjeld-
Alt. latinske navne: ""Viscaria alpina (L.) G. Don fil.; Lychnis alpina L.; Lychnis suecica Lodde; Silene suecica (Lodde) Greuter & Burdet""",Digitale Samlinger: Digitale Samlinger: Billeder:Særudgivelser:Flora Danica:Taxonomisk gruppe:Karplanter,Digitale Samlinger: Billeder:Særudgivelser:Flora Danica:Hæfte:Hft.  2,Materialet er fri af ophavsret,Karplanter
floradanica_0069.tif,Limosella aquatica L.,Fol. Top. Bot. Danmark,"Danmark
Norge","Hornemann, Jens Wilken (6.3.1770-30.7.1841) botaniker 
Lange, Johan Martin Christian (20.3.1818-3.4.1898) botaniker 
Liebmann, Frederik Michael (10.10.1813-29.10.1856) botaniker 
Müller, Otto Frederik (2.3.1730-26.12.1784) botaniker 
Oeder, Georg Christian (3.2.1728-28.1.1791) botaniker 
Vahl, Martin (7.10.1749-24.12.1804) botaniker",1763,"Flora Danica Hft. 2, Tab. 69

Figur 1
Latinsk navn: Limosella aquatica L.
Dansk slægtsnavn: Dyndurt
Dansk familienavn: Maskeblomstfamilien
Latinsk familienavn: Scrophulariaceae",Digitale Samlinger: Digitale Samlinger: Billeder:Særudgivelser:Flora Danica:Taxonomisk gruppe:Karplanter,Digitale Samlinger: Billeder:Særudgivelser:Flora Danica:Hæfte:Hft.  2,Materialet er fri af ophavsret,Karplanter
floradanica_0072.tif,Saxifraga autumnalis L.,Fol. Top. Bot. Danmark,"Danmark
Norge","Hornemann, Jens Wilken (6.3.1770-30.7.1841) botaniker 
Lange, Johan Martin Christian (20.3.1818-3.4.1898) botaniker 
Liebmann, Frederik Michael (10.10.1813-29.10.1856) botaniker 
Müller, Otto Frederik (2.3.1730-26.12.1784) botaniker 
Oeder, Georg Christian (3.2.1728-28.1.1791) botaniker 
Vahl, Martin (7.10.1749-24.12.1804) botaniker",1763,"Flora Danica Hft. 2, Tab. 72

Figur 1
Latinsk navn: Saxifraga aizoides L.
Dansk slægtsnavn: Stenbræk
Dansk artsepitet: Sol-
Lange nomenklator: =Saxifraga aizoides L.
Dansk familienavn: Stenbrækfamilien
Latinsk familienavn: Saxifragaceae",Digitale Samlinger: Digitale Samlinger: Billeder:Særudgivelser:Flora Danica:Taxonomisk gruppe:Karplanter,Digitale Samlinger: Billeder:Særudgivelser:Flora Danica:Hæfte:Hft.  2,Materialet er fri af ophavsret,Karplanter
floradanica_0074.tif,Digitalis.purpurea L.,Fol. Top. Bot. Danmark,"Danmark
Norge","Hornemann, Jens Wilken (6.3.1770-30.7.1841) botaniker 
Lange, Johan Martin Christian (20.3.1818-3.4.1898) botaniker 
Liebmann, Frederik Michael (10.10.1813-29.10.1856) botaniker 
Müller, Otto Frederik (2.3.1730-26.12.1784) botaniker 
Oeder, Georg Christian (3.2.1728-28.1.1791) botaniker 
Vahl, Martin (7.10.1749-24.12.1804) botaniker",1763,"Flora Danica Hft. 2, Tab. 74

Figur 1
Latinsk navn: Digitalis purpurea L.
Dansk slægtsnavn: Fingerbøl
Dansk artsepitet: Almindelig
Dansk familienavn: Maskeblomstfamilien
Latinsk familienavn: Scrophulariaceae
Alt. dansk slægtsnavn: Fingerbøl
Alt. dansk artsepitet: Rød",Digitale Samlinger: Digitale Samlinger: Billeder:Særudgivelser:Flora Danica:Taxonomisk gruppe:Karplanter,Digitale Samlinger: Billeder:Særudgivelser:Flora Danica:Hæfte:Hft.  2,Materialet er fri af ophavsret,Karplanter
floradanica_0077.tif,Satyrium viride L.,Fol. Top. Bot. Danmark,"Danmark
Norge","Hornemann, Jens Wilken (6.3.1770-30.7.1841) botaniker 
Lange, Johan Martin Christian (20.3.1818-3.4.1898) botaniker 
Liebmann, Frederik Michael (10.10.1813-29.10.1856) botaniker 
Müller, Otto Frederik (2.3.1730-26.12.1784) botaniker 
Oeder, Georg Christian (3.2.1728-28.1.1791) botaniker 
Vahl, Martin (7.10.1749-24.12.1804) botaniker",1763,"Flora Danica Hft. 2, Tab. 77

Figur 1
Latinsk navn: Coeloglossum viride (L.) Hartm.
Dansk slægtsnavn: Poselæbe
Lange nomenklator: Coeloglossum viride (L.) Hartm.
Dansk familienavn: Gøgeurtfamilien
Latinsk familienavn: Orchidaceae
Alt. dansk slægtsnavn: Poselæbe
Alt. dansk artsepitet: Grøn
Alt. latinske navne: Coeloglossum viride (L.) Hartm. ssp. viride",Digitale Samlinger: Digitale Samlinger: Billeder:Særudgivelser:Flora Danica:Taxonomisk gruppe:Karplanter,Digitale Samlinger: Billeder:Særudgivelser:Flora Danica:Hæfte:Hft.  2,Materialet er fri af ophavsret,Karplanter
floradanica_0078.tif,Lycopodium complanatum L. 7),Fol. Top. Bot. Danmark,"Danmark
Norge","Hornemann, Jens Wilken (6.3.1770-30.7.1841) botaniker 
Lange, Johan Martin Christian (20.3.1818-3.4.1898) botaniker 
Liebmann, Frederik Michael (10.10.1813-29.10.1856) botaniker 
Müller, Otto Frederik (2.3.1730-26.12.1784) botaniker 
Oeder, Georg Christian (3.2.1728-28.1.1791) botaniker 
Vahl, Martin (7.10.1749-24.12.1804) botaniker",1763,"Flora Danica Hft. 2, Tab. 78

Figur 1
Latinsk navn: Diphasiastrum sp.
Dansk slægtsnavn: Ulvefod
Dansk familienavn: Ulvefodfamilien
Latinsk familienavn: Lycopodiaceae",Digitale Samlinger: Digitale Samlinger: Billeder:Særudgivelser:Flora Danica:Taxonomisk gruppe:Karplanter,Digitale Samlinger: Billeder:Særudgivelser:Flora Danica:Hæfte:Hft.  2,Materialet er fri af ophavsret,Karplanter
floradanica_0083.tif,Viola palustris L.,Fol. Top. Bot. Danmark,"Danmark
Norge","Hornemann, Jens Wilken (6.3.1770-30.7.1841) botaniker 
Lange, Johan Martin Christian (20.3.1818-3.4.1898) botaniker 
Liebmann, Frederik Michael (10.10.1813-29.10.1856) botaniker 
Müller, Otto Frederik (2.3.1730-26.12.1784) botaniker 
Oeder, Georg Christian (3.2.1728-28.1.1791) botaniker 
Vahl, Martin (7.10.1749-24.12.1804) botaniker",1763,"Flora Danica Hft. 2, Tab. 83

Figur 1
Latinsk navn: Viola palustris L.
Dansk slægtsnavn: Viol
Dansk artsepitet: Eng-
Dansk familienavn: Violfamilien
Latinsk familienavn: Violaceae
Alt. latinske navne: Viola palustris L. ssp. palustris",Digitale Samlinger: Digitale Samlinger: Billeder:Særudgivelser:Flora Danica:Taxonomisk gruppe:Karplanter,Digitale Samlinger: Billeder:Særudgivelser:Flora Danica:Hæfte:Hft.  2,Materialet er fri af ophavsret,Karplanter
floradanica_0088.tif,Anagallis arvensis L.,Fol. Top. Bot. Danmark,"Danmark
Norge","Hornemann, Jens Wilken (6.3.1770-30.7.1841) botaniker 
Lange, Johan Martin Christian (20.3.1818-3.4.1898) botaniker 
Liebmann, Frederik Michael (10.10.1813-29.10.1856) botaniker 
Müller, Otto Frederik (2.3.1730-26.12.1784) botaniker 
Oeder, Georg Christian (3.2.1728-28.1.1791) botaniker 
Vahl, Martin (7.10.1749-24.12.1804) botaniker",1763,"Flora Danica Hft. 2, Tab. 88

Figur 1
Latinsk navn: Anagallis arvensis L.
Dansk slægtsnavn: Arve
Dansk artsepitet: Rød
Dansk familienavn: Kodriverfamilien
Latinsk familienavn: Primulaceae
Alt. latinske navne: Anagallis arvensis L. ssp. arvensis",Digitale Samlinger: Digitale Samlinger: Billeder:Særudgivelser:Flora Danica:Taxonomisk gruppe:Karplanter,Digitale Samlinger: Billeder:Særudgivelser:Flora Danica:Hæfte:Hft.  2,Materialet er fri af ophavsret,Karplanter
floradanica_0090.tif,Hydrocotyle vulgaris L.,Fol. Top. Bot. Danmark,"Danmark
Norge","Hornemann, Jens Wilken (6.3.1770-30.7.1841) botaniker 
Lange, Johan Martin Christian (20.3.1818-3.4.1898) botaniker 
Liebmann, Frederik Michael (10.10.1813-29.10.1856) botaniker 
Müller, Otto Frederik (2.3.1730-26.12.1784) botaniker 
Oeder, Georg Christian (3.2.1728-28.1.1791) botaniker 
Vahl, Martin (7.10.1749-24.12.1804) botaniker",1763,"Flora Danica Hft. 2, Tab. 90

Figur 1
Latinsk navn: Hydrocotyle vulgaris L.
Dansk slægtsnavn: Vandnavle
Dansk familienavn: Skærmblomstfamilien
Latinsk familienavn: Apiaceae",Digitale Samlinger: Digitale Samlinger: Billeder:Særudgivelser:Flora Danica:Taxonomisk gruppe:Karplanter,Digitale Samlinger: Billeder:Særudgivelser:Flora Danica:Hæfte:Hft.  2,Materialet er fri af ophavsret,Karplanter
floradanica_0092.tif,Stellaria sp.,Fol. Top. Bot. Danmark,"Danmark
Norge","Hornemann, Jens Wilken (6.3.1770-30.7.1841) botaniker 
Lange, Johan Martin Christian (20.3.1818-3.4.1898) botaniker 
Liebmann, Frederik Michael (10.10.1813-29.10.1856) botaniker 
Müller, Otto Frederik (2.3.1730-26.12.1784) botaniker 
Oeder, Georg Christian (3.2.1728-28.1.1791) botaniker 
Vahl, Martin (7.10.1749-24.12.1804) botaniker",1763,"Flora Danica Hft. 2, Tab. 92

Figur 1
Latinsk navn: Cerastium cerastoides (L.) Britton
Dansk slægtsnavn: Hønsetarm
Dansk artsepitet: Tregriflet
Lange nomenklator: Cerastium trigynum Vill. (Stellaria cerastioides L.).
Dansk familienavn: Nellikefamilien
Latinsk familienavn: Caryophyllaceae
Alt. latinske navne: ""Cerastium trigynum Vill.; Stellaria cerastoides L.""",Digitale Samlinger: Digitale Samlinger: Billeder:Særudgivelser:Flora Danica:Taxonomisk gruppe:Karplanter,Digitale Samlinger: Billeder:Særudgivelser:Flora Danica:Hæfte:Hft.  2,Materialet er fri af ophavsret,Karplanter
floradanica_0093.tif,Pinguicula vulgaris L.,Fol. Top. Bot. Danmark,"Danmark
Norge","Hornemann, Jens Wilken (6.3.1770-30.7.1841) botaniker 
Lange, Johan Martin Christian (20.3.1818-3.4.1898) botaniker 
Liebmann, Frederik Michael (10.10.1813-29.10.1856) botaniker 
Müller, Otto Frederik (2.3.1730-26.12.1784) botaniker 
Oeder, Georg Christian (3.2.1728-28.1.1791) botaniker 
Vahl, Martin (7.10.1749-24.12.1804) botaniker",1763,"Flora Danica Hft. 2, Tab. 93

Figur 1
Latinsk navn: Pinguicula vulgaris L.
Dansk slægtsnavn: Vibefedt
Dansk artsepitet: Almindelig
Dansk familienavn: Blærerodfamilien
Latinsk familienavn: Lentibulariaceae
Alt. dansk slægtsnavn: Vibefedt",Digitale Samlinger: Digitale Samlinger: Billeder:Særudgivelser:Flora Danica:Taxonomisk gruppe:Karplanter,Digitale Samlinger: Billeder:Særudgivelser:Flora Danica:Hæfte:Hft.  2,Materialet er fri af ophavsret,Karplanter
floradanica_0094.tif,Adoxa moschatellina L.,Fol. Top. Bot. Danmark,"Danmark
Norge","Hornemann, Jens Wilken (6.3.1770-30.7.1841) botaniker 
Lange, Johan Martin Christian (20.3.1818-3.4.1898) botaniker 
Liebmann, Frederik Michael (10.10.1813-29.10.1856) botaniker 
Müller, Otto Frederik (2.3.1730-26.12.1784) botaniker 
Oeder, Georg Christian (3.2.1728-28.1.1791) botaniker 
Vahl, Martin (7.10.1749-24.12.1804) botaniker",1763,"Flora Danica Hft. 2, Tab. 94

Figur 1
Latinsk navn: Adoxa moschatellina L.
Dansk slægtsnavn: Desmerurt
Dansk familienavn: Desmerurtfamilien
Latinsk familienavn: Adoxaceae
Alt. dansk slægtsnavn: Desmerurt
Alt. dansk artsepitet: Almindelig",Digitale Samlinger: Digitale Samlinger: Billeder:Særudgivelser:Flora Danica:Taxonomisk gruppe:Karplanter,Digitale Samlinger: Billeder:Særudgivelser:Flora Danica:Hæfte:Hft.  2,Materialet er fri af ophavsret,Karplanter
floradanica_0095.tif,Ervum tetraspermum L.,Fol. Top. Bot. Danmark,"Danmark
Norge","Hornemann, Jens Wilken (6.3.1770-30.7.1841) botaniker 
Lange, Johan Martin Christian (20.3.1818-3.4.1898) botaniker 
Liebmann, Frederik Michael (10.10.1813-29.10.1856) botaniker 
Müller, Otto Frederik (2.3.1730-26.12.1784) botaniker 
Oeder, Georg Christian (3.2.1728-28.1.1791) botaniker 
Vahl, Martin (7.10.1749-24.12.1804) botaniker",1763,"Flora Danica Hft. 2, Tab. 95

Figur 1
Latinsk navn: Vicia tetrasperma (L.) Schreber
Dansk slægtsnavn: Vikke
Dansk artsepitet: Tadder-
Dansk familienavn: Ærteblomstfamilien
Latinsk familienavn: Fabaceae
Alt. dansk slægtsnavn: Vikke
Alt. dansk artsepitet: Firfrøet
Alt. latinske navne: Ervum tetraspermum L.",Digitale Samlinger: Digitale Samlinger: Billeder:Særudgivelser:Flora Danica:Taxonomisk gruppe:Karplanter,Digitale Samlinger: Billeder:Særudgivelser:Flora Danica:Hæfte:Hft.  2,Materialet er fri af ophavsret,Karplanter
floradanica_0096.tif,Spergula nodosa L.,Fol. Top. Bot. Danmark,"Danmark
Norge","Hornemann, Jens Wilken (6.3.1770-30.7.1841) botaniker 
Lange, Johan Martin Christian (20.3.1818-3.4.1898) botaniker 
Liebmann, Frederik Michael (10.10.1813-29.10.1856) botaniker 
Müller, Otto Frederik (2.3.1730-26.12.1784) botaniker 
Oeder, Georg Christian (3.2.1728-28.1.1791) botaniker 
Vahl, Martin (7.10.1749-24.12.1804) botaniker",1763,"Flora Danica Hft. 2, Tab. 96

Figur 1
Latinsk navn: Sagina nodosa (L.) Fenzl
Dansk slægtsnavn: Firling
Dansk artsepitet: Knude-
Lange nomenklator: Sagina nodosa (L.) Fzl.
Dansk familienavn: Nellikefamilien
Latinsk familienavn: Caryophyllaceae
Alt. dansk slægtsnavn: Firling
Alt. dansk artsepitet: Knudret
Alt. latinske navne: ""Spergula nodosa L.; Sagina nodosa (L.) Fenzl var. moniliformis (G. F. Meyer) Lange""",Digitale Samlinger: Digitale Samlinger: Billeder:Særudgivelser:Flora Danica:Taxonomisk gruppe:Karplanter,Digitale Samlinger: Billeder:Særudgivelser:Flora Danica:Hæfte:Hft.  2,Materialet er fri af ophavsret,Karplanter
floradanica_0099.tif,Osmunda Spicant L.,Fol. Top. Bot. Danmark,"Danmark
Norge","Hornemann, Jens Wilken (6.3.1770-30.7.1841) botaniker 
Lange, Johan Martin Christian (20.3.1818-3.4.1898) botaniker 
Liebmann, Frederik Michael (10.10.1813-29.10.1856) botaniker 
Müller, Otto Frederik (2.3.1730-26.12.1784) botaniker 
Oeder, Georg Christian (3.2.1728-28.1.1791) botaniker 
Vahl, Martin (7.10.1749-24.12.1804) botaniker",1763,"Flora Danica Hft. 2, Tab. 99

Figur 1
Latinsk navn: Blechnum spicant (L.) Roth
Dansk slægtsnavn: Kambregne
Dansk artsepitet: Almindelig
Lange nomenklator: Blechnum Spicant (L.) Roth.
Dansk familienavn: Kambregnefamilien
Latinsk familienavn: Blechnaceae
Alt. dansk slægtsnavn: Kambregne",Digitale Samlinger: Digitale Samlinger: Billeder:Særudgivelser:Flora Danica:Taxonomisk gruppe:Karplanter,Digitale Samlinger: Billeder:Særudgivelser:Flora Danica:Hæfte:Hft.  2,Materialet er fri af ophavsret,Karplanter
floradanica_0102.tif,Ophrys Monorchis L.,Fol. Top. Bot. Danmark,"Danmark
Norge","Hornemann, Jens Wilken (6.3.1770-30.7.1841) botaniker 
Lange, Johan Martin Christian (20.3.1818-3.4.1898) botaniker 
Liebmann, Frederik Michael (10.10.1813-29.10.1856) botaniker 
Müller, Otto Frederik (2.3.1730-26.12.1784) botaniker 
Oeder, Georg Christian (3.2.1728-28.1.1791) botaniker 
Vahl, Martin (7.10.1749-24.12.1804) botaniker",1763,"Flora Danica Hft. 2, Tab. 102

Figur 1
Latinsk navn: Herminium monorchis (L.) R.Br. in Aiton
Dansk slægtsnavn: Pukkellæbe
Lange nomenklator: Herminium Monorchis (L.) R.Br.
Dansk familienavn: Gøgeurtfamilien
Latinsk familienavn: Orchidaceae
Alt. dansk slægtsnavn: Pukkellæbe
Alt. dansk artsepitet: Grøn",Digitale Samlinger: Digitale Samlinger: Billeder:Særudgivelser:Flora Danica:Taxonomisk gruppe:Karplanter,Digitale Samlinger: Billeder:Særudgivelser:Flora Danica:Hæfte:Hft.  2,Materialet er fri af ophavsret,Karplanter
floradanica_0103.tif,Ophrys anthropophora Oed.,Fol. Top. Bot. Danmark,"Danmark
Norge","Hornemann, Jens Wilken (6.3.1770-30.7.1841) botaniker 
Lange, Johan Martin Christian (20.3.1818-3.4.1898) botaniker 
Liebmann, Frederik Michael (10.10.1813-29.10.1856) botaniker 
Müller, Otto Frederik (2.3.1730-26.12.1784) botaniker 
Oeder, Georg Christian (3.2.1728-28.1.1791) botaniker 
Vahl, Martin (7.10.1749-24.12.1804) botaniker",1763,"Flora Danica Hft. 2, Tab. 103

Figur 1
Latinsk navn: Orchis ustulata L.
Dansk slægtsnavn: Gøgeurt
Dansk artsepitet: Bakke-
Lange nomenklator: Orchis ustulata L.
Dansk familienavn: Gøgeurtfamilien
Latinsk familienavn: Orchidaceae
Alt. dansk slægtsnavn: Gøgeurt
Alt. dansk artsepitet: Rulæbet",Digitale Samlinger: Digitale Samlinger: Billeder:Særudgivelser:Flora Danica:Taxonomisk gruppe:Karplanter,Digitale Samlinger: Billeder:Særudgivelser:Flora Danica:Hæfte:Hft.  2,Materialet er fri af ophavsret,Karplanter
floradanica_0107.tif,Juncus trifidus L.,Fol. Top. Bot. Danmark,"Danmark
Norge","Hornemann, Jens Wilken (6.3.1770-30.7.1841) botaniker 
Lange, Johan Martin Christian (20.3.1818-3.4.1898) botaniker 
Liebmann, Frederik Michael (10.10.1813-29.10.1856) botaniker 
Müller, Otto Frederik (2.3.1730-26.12.1784) botaniker 
Oeder, Georg Christian (3.2.1728-28.1.1791) botaniker 
Vahl, Martin (7.10.1749-24.12.1804) botaniker",1763,"Flora Danica Hft. 2, Tab. 107

Figur 1
Latinsk navn: Juncus trifidus L.
Dansk slægtsnavn: Siv
Dansk artsepitet: Treblad-
Dansk familienavn: Sivfamilien
Latinsk familienavn: Juncaceae",Digitale Samlinger: Digitale Samlinger: Billeder:Særudgivelser:Flora Danica:Taxonomisk gruppe:Karplanter,Digitale Samlinger: Billeder:Særudgivelser:Flora Danica:Hæfte:Hft.  2,Materialet er fri af ophavsret,Karplanter
floradanica_0113.tif,Sedum reflexum L.,Fol. Top. Bot. Danmark,"Danmark
Norge","Hornemann, Jens Wilken (6.3.1770-30.7.1841) botaniker 
Lange, Johan Martin Christian (20.3.1818-3.4.1898) botaniker 
Liebmann, Frederik Michael (10.10.1813-29.10.1856) botaniker 
Müller, Otto Frederik (2.3.1730-26.12.1784) botaniker 
Oeder, Georg Christian (3.2.1728-28.1.1791) botaniker 
Vahl, Martin (7.10.1749-24.12.1804) botaniker",1763,"Flora Danica Hft. 2, Tab. 113

Figur 1
Latinsk navn: Sedum reflexum L.
Dansk slægtsnavn: Stenurt
Dansk artsepitet: Bjerg-
Lange nomenklator: Sedum rupestre L.
Dansk familienavn: Stenurtfamilien
Latinsk familienavn: Crassulaceae",Digitale Samlinger: Digitale Samlinger: Billeder:Særudgivelser:Flora Danica:Taxonomisk gruppe:Karplanter,Digitale Samlinger: Billeder:Særudgivelser:Flora Danica:Hæfte:Hft.  2,Materialet er fri af ophavsret,Karplanter
floradanica_0117.tif,Salix herbacea L.,Fol. Top. Bot. Danmark,"Danmark
Norge","Hornemann, Jens Wilken (6.3.1770-30.7.1841) botaniker 
Lange, Johan Martin Christian (20.3.1818-3.4.1898) botaniker 
Liebmann, Frederik Michael (10.10.1813-29.10.1856) botaniker 
Müller, Otto Frederik (2.3.1730-26.12.1784) botaniker 
Oeder, Georg Christian (3.2.1728-28.1.1791) botaniker 
Vahl, Martin (7.10.1749-24.12.1804) botaniker",1763,"Flora Danica Hft. 2, Tab. 117

Figur 1
Latinsk navn: Salix herbacea L.
Dansk slægtsnavn: Pil
Dansk artsepitet: Dværg-
Dansk familienavn: Pilefamilien
Latinsk familienavn: Salicaceae",Digitale Samlinger: Digitale Samlinger: Billeder:Særudgivelser:Flora Danica:Taxonomisk gruppe:Karplanter,Digitale Samlinger: Billeder:Særudgivelser:Flora Danica:Hæfte:Hft.  2,Materialet er fri af ophavsret,Karplanter
floradanica_0119.tif,Asplenium Trichomanes L.,Fol. Top. Bot. Danmark,"Danmark
Norge","Hornemann, Jens Wilken (6.3.1770-30.7.1841) botaniker 
Lange, Johan Martin Christian (20.3.1818-3.4.1898) botaniker 
Liebmann, Frederik Michael (10.10.1813-29.10.1856) botaniker 
Müller, Otto Frederik (2.3.1730-26.12.1784) botaniker 
Oeder, Georg Christian (3.2.1728-28.1.1791) botaniker 
Vahl, Martin (7.10.1749-24.12.1804) botaniker",1763,"Flora Danica Hft. 2, Tab. 119

Figur 1
Latinsk navn: Asplenium trichomanes L. ssp. trichomanes
Dansk slægtsnavn: Radeløv
Dansk artsepitet: Rundfinnet
Dansk familienavn: Radeløvfamilien
Latinsk familienavn: Aspleniaceae
Alt. latinske navne: Asplenium trichomanes L.",Digitale Samlinger: Digitale Samlinger: Billeder:Særudgivelser:Flora Danica:Taxonomisk gruppe:Karplanter,Digitale Samlinger: Billeder:Særudgivelser:Flora Danica:Hæfte:Hft.  2,Materialet er fri af ophavsret,Karplanter
floradanica_0120.tif,Juncus biglumis L.,Fol. Top. Bot. Danmark,"Danmark
Norge","Hornemann, Jens Wilken (6.3.1770-30.7.1841) botaniker 
Lange, Johan Martin Christian (20.3.1818-3.4.1898) botaniker 
Liebmann, Frederik Michael (10.10.1813-29.10.1856) botaniker 
Müller, Otto Frederik (2.3.1730-26.12.1784) botaniker 
Oeder, Georg Christian (3.2.1728-28.1.1791) botaniker 
Vahl, Martin (7.10.1749-24.12.1804) botaniker",1763,"Flora Danica Hft. 2, Tab. 120

Figur 1
Latinsk navn: Juncus biglumis L.
Dansk slægtsnavn: Siv
Dansk artsepitet: Toblomstret
Dansk familienavn: Sivfamilien
Latinsk familienavn: Juncaceae",Digitale Samlinger: Digitale Samlinger: Billeder:Særudgivelser:Flora Danica:Taxonomisk gruppe:Karplanter,Digitale Samlinger: Billeder:Særudgivelser:Flora Danica:Hæfte:Hft.  2,Materialet er fri af ophavsret,Karplanter
floradanica_0121.tif,Dracocephalum Ruyschiana L.,Fol. Top. Bot. Danmark,"Danmark
Norge","Hornemann, Jens Wilken (6.3.1770-30.7.1841) botaniker 
Lange, Johan Martin Christian (20.3.1818-3.4.1898) botaniker 
Liebmann, Frederik Michael (10.10.1813-29.10.1856) botaniker 
Müller, Otto Frederik (2.3.1730-26.12.1784) botaniker 
Oeder, Georg Christian (3.2.1728-28.1.1791) botaniker 
Vahl, Martin (7.10.1749-24.12.1804) botaniker",1764,"Flora Danica Hft. 3, Tab. 121

Figur 1
Latinsk navn: Dracocephalum ruyschiana L.
Dansk slægtsnavn: Dragehoved
Dansk artsepitet: Almindelig
Dansk familienavn: Læbeblomstfamilien
Latinsk familienavn: Lamiaceae",Digitale Samlinger: Digitale Samlinger: Billeder:Særudgivelser:Flora Danica:Taxonomisk gruppe:Karplanter,Digitale Samlinger: Billeder:Særudgivelser:Flora Danica:Hæfte:Hft.  3,Materialet er fri af ophavsret,Karplanter
floradanica_0122.tif,Alisma ranunculoides L.,Fol. Top. Bot. Danmark,"Danmark
Norge","Hornemann, Jens Wilken (6.3.1770-30.7.1841) botaniker 
Lange, Johan Martin Christian (20.3.1818-3.4.1898) botaniker 
Liebmann, Frederik Michael (10.10.1813-29.10.1856) botaniker 
Müller, Otto Frederik (2.3.1730-26.12.1784) botaniker 
Oeder, Georg Christian (3.2.1728-28.1.1791) botaniker 
Vahl, Martin (7.10.1749-24.12.1804) botaniker",1764,"Flora Danica Hft. 3, Tab. 122

Figur 1
Latinsk navn: Baldellia ranunculoides (L.) Parl.
Dansk slægtsnavn: Søpryd
Dansk artsepitet: Almindelig
Dansk familienavn: Skebladfamilien
Latinsk familienavn: Alismataceae
Alt. dansk slægtsnavn: Skeblad
Alt. dansk artsepitet: Ranunkel-
Alt. latinske navne: ""Echinodorus ranunculoides (L.) Engelm.; Baldellia ranunculoides (L.) Parl. ssp. ranunculoides""",Digitale Samlinger: Digitale Samlinger: Billeder:Særudgivelser:Flora Danica:Taxonomisk gruppe:Karplanter,Digitale Samlinger: Billeder:Særudgivelser:Flora Danica:Hæfte:Hft.  3,Materialet er fri af ophavsret,Karplanter
floradanica_0124.tif,Geranium silvaticum L.,Fol. Top. Bot. Danmark,"Danmark
Norge","Hornemann, Jens Wilken (6.3.1770-30.7.1841) botaniker 
Lange, Johan Martin Christian (20.3.1818-3.4.1898) botaniker 
Liebmann, Frederik Michael (10.10.1813-29.10.1856) botaniker 
Müller, Otto Frederik (2.3.1730-26.12.1784) botaniker 
Oeder, Georg Christian (3.2.1728-28.1.1791) botaniker 
Vahl, Martin (7.10.1749-24.12.1804) botaniker",1764,"Flora Danica Hft. 3, Tab. 124

Figur 1
Latinsk navn: Geranium sylvaticum L.
Dansk slægtsnavn: Storkenæb
Dansk artsepitet: Skov-
Dansk familienavn: Storkenæbfamilien
Latinsk familienavn: Geraniaceae",Digitale Samlinger: Digitale Samlinger: Billeder:Særudgivelser:Flora Danica:Taxonomisk gruppe:Karplanter,Digitale Samlinger: Billeder:Særudgivelser:Flora Danica:Hæfte:Hft.  3,Materialet er fri af ophavsret,Karplanter
floradanica_0125.tif,Primula farinosa L.,Fol. Top. Bot. Danmark,"Danmark
Norge","Hornemann, Jens Wilken (6.3.1770-30.7.1841) botaniker 
Lange, Johan Martin Christian (20.3.1818-3.4.1898) botaniker 
Liebmann, Frederik Michael (10.10.1813-29.10.1856) botaniker 
Müller, Otto Frederik (2.3.1730-26.12.1784) botaniker 
Oeder, Georg Christian (3.2.1728-28.1.1791) botaniker 
Vahl, Martin (7.10.1749-24.12.1804) botaniker",1764,"Flora Danica Hft. 3, Tab. 125

Figur 1
Latinsk navn: Primula farinosa L.
Dansk slægtsnavn: Kodriver
Dansk artsepitet: Melet
Dansk familienavn: Kodriverfamilien
Latinsk familienavn: Primulaceae",Digitale Samlinger: Digitale Samlinger: Billeder:Særudgivelser:Flora Danica:Taxonomisk gruppe:Karplanter,Digitale Samlinger: Billeder:Særudgivelser:Flora Danica:Hæfte:Hft.  3,Materialet er fri af ophavsret,Karplanter
floradanica_0127.tif,Lycopodium annotinum L.,Fol. Top. Bot. Danmark,"Danmark
Norge","Hornemann, Jens Wilken (6.3.1770-30.7.1841) botaniker 
Lange, Johan Martin Christian (20.3.1818-3.4.1898) botaniker 
Liebmann, Frederik Michael (10.10.1813-29.10.1856) botaniker 
Müller, Otto Frederik (2.3.1730-26.12.1784) botaniker 
Oeder, Georg Christian (3.2.1728-28.1.1791) botaniker 
Vahl, Martin (7.10.1749-24.12.1804) botaniker",1764,"Flora Danica Hft. 3, Tab. 127

Figur 1
Latinsk navn: Lycopodium annotinum L. ssp. annotinum
Dansk slægtsnavn: Ulvefod
Dansk artsepitet: Femradet
Dansk familienavn: Ulvefodfamilien
Latinsk familienavn: Lycopodiaceae
Alt. latinske navne: Lycopodium annotinum L.",Digitale Samlinger: Digitale Samlinger: Billeder:Særudgivelser:Flora Danica:Taxonomisk gruppe:Karplanter,Digitale Samlinger: Billeder:Særudgivelser:Flora Danica:Hæfte:Hft.  3,Materialet er fri af ophavsret,Karplanter
floradanica_0130.tif,Draba incana L.,Fol. Top. Bot. Danmark,"Danmark
Norge","Hornemann, Jens Wilken (6.3.1770-30.7.1841) botaniker 
Lange, Johan Martin Christian (20.3.1818-3.4.1898) botaniker 
Liebmann, Frederik Michael (10.10.1813-29.10.1856) botaniker 
Müller, Otto Frederik (2.3.1730-26.12.1784) botaniker 
Oeder, Georg Christian (3.2.1728-28.1.1791) botaniker 
Vahl, Martin (7.10.1749-24.12.1804) botaniker",1764,"Flora Danica Hft. 3, Tab. 130

Figur 1
Latinsk navn: Draba incana L.
Dansk slægtsnavn: Draba
Dansk artsepitet: Hvidgrå
Dansk familienavn: Korsblomstfamilien
Latinsk familienavn: Brassicaceae
Alt. latinske navne: Draba confusa Ehrh.",Digitale Samlinger: Digitale Samlinger: Billeder:Særudgivelser:Flora Danica:Taxonomisk gruppe:Karplanter,Digitale Samlinger: Billeder:Særudgivelser:Flora Danica:Hæfte:Hft.  3,Materialet er fri af ophavsret,Karplanter
floradanica_0131.tif,Montia fontana L.,Fol. Top. Bot. Danmark,"Danmark
Norge","Hornemann, Jens Wilken (6.3.1770-30.7.1841) botaniker 
Lange, Johan Martin Christian (20.3.1818-3.4.1898) botaniker 
Liebmann, Frederik Michael (10.10.1813-29.10.1856) botaniker 
Müller, Otto Frederik (2.3.1730-26.12.1784) botaniker 
Oeder, Georg Christian (3.2.1728-28.1.1791) botaniker 
Vahl, Martin (7.10.1749-24.12.1804) botaniker",1764,"Flora Danica Hft. 3, Tab. 131

Figur 1
Latinsk navn: Montia sp.
Dansk slægtsnavn: Vandarve
Lange nomenklator: Montia minor Gmel.? 10)
Dansk familienavn: Portulakfamilien
Latinsk familienavn: Portulacaceae
Alt. latinske navne: ""Montia arvensis Wallr.; Montia minor auct.; Montia verna auct.; Montia fontana L. ssp. chondrosperma (Fenzl) Walters; Montia fontana L. ssp. minor auct.""",Digitale Samlinger: Digitale Samlinger: Billeder:Særudgivelser:Flora Danica:Taxonomisk gruppe:Karplanter,Digitale Samlinger: Billeder:Særudgivelser:Flora Danica:Hæfte:Hft.  3,Materialet er fri af ophavsret,Karplanter
floradanica_0132.tif,Juncus triglumis L.,Fol. Top. Bot. Danmark,"Danmark
Norge","Hornemann, Jens Wilken (6.3.1770-30.7.1841) botaniker 
Lange, Johan Martin Christian (20.3.1818-3.4.1898) botaniker 
Liebmann, Frederik Michael (10.10.1813-29.10.1856) botaniker 
Müller, Otto Frederik (2.3.1730-26.12.1784) botaniker 
Oeder, Georg Christian (3.2.1728-28.1.1791) botaniker 
Vahl, Martin (7.10.1749-24.12.1804) botaniker",1764,"Flora Danica Hft. 3, Tab. 132

Figur 1
Latinsk navn: Juncus triglumis L.
Dansk slægtsnavn: Siv
Dansk artsepitet: Treblomstret
Dansk familienavn: Sivfamilien
Latinsk familienavn: Juncaceae",Digitale Samlinger: Digitale Samlinger: Billeder:Særudgivelser:Flora Danica:Taxonomisk gruppe:Karplanter,Digitale Samlinger: Billeder:Særudgivelser:Flora Danica:Hæfte:Hft.  3,Materialet er fri af ophavsret,Karplanter
floradanica_0133.tif,Trollius europaeus L.,Fol. Top. Bot. Danmark,"Danmark
Norge","Hornemann, Jens Wilken (6.3.1770-30.7.1841) botaniker 
Lange, Johan Martin Christian (20.3.1818-3.4.1898) botaniker 
Liebmann, Frederik Michael (10.10.1813-29.10.1856) botaniker 
Müller, Otto Frederik (2.3.1730-26.12.1784) botaniker 
Oeder, Georg Christian (3.2.1728-28.1.1791) botaniker 
Vahl, Martin (7.10.1749-24.12.1804) botaniker",1764,"Flora Danica Hft. 3, Tab. 133

Figur 1
Latinsk navn: Trollius europaeus L.
Dansk slægtsnavn: Engblomme
Dansk familienavn: Ranunkelfamilien
Latinsk familienavn: Ranunculaceae
Alt. dansk slægtsnavn: Engblomme
Alt. dansk artsepitet: Europæisk
Alt. latinske navne: Trollius altissimus Crantz",Digitale Samlinger: Digitale Samlinger: Billeder:Særudgivelser:Flora Danica:Taxonomisk gruppe:Karplanter,Digitale Samlinger: Billeder:Særudgivelser:Flora Danica:Hæfte:Hft.  3,Materialet er fri af ophavsret,Karplanter
floradanica_0136.tif,Lathraea squamaria L.,Fol. Top. Bot. Danmark,"Danmark
Norge","Hornemann, Jens Wilken (6.3.1770-30.7.1841) botaniker 
Lange, Johan Martin Christian (20.3.1818-3.4.1898) botaniker 
Liebmann, Frederik Michael (10.10.1813-29.10.1856) botaniker 
Müller, Otto Frederik (2.3.1730-26.12.1784) botaniker 
Oeder, Georg Christian (3.2.1728-28.1.1791) botaniker 
Vahl, Martin (7.10.1749-24.12.1804) botaniker",1764,"Flora Danica Hft. 3, Tab. 136

Figur 1
Latinsk navn: Lathraea squamaria L.
Dansk slægtsnavn: Skælrod
Dansk familienavn: Maskeblomstfamilien
Latinsk familienavn: Scrophulariaceae
Alt. dansk slægtsnavn: Skælrod
Alt. dansk artsepitet: Almindelig",Digitale Samlinger: Digitale Samlinger: Billeder:Særudgivelser:Flora Danica:Taxonomisk gruppe:Karplanter,Digitale Samlinger: Billeder:Særudgivelser:Flora Danica:Hæfte:Hft.  3,Materialet er fri af ophavsret,Karplanter
floradanica_0138.tif,Utricularia vulgaris L.,Fol. Top. Bot. Danmark,"Danmark
Norge","Hornemann, Jens Wilken (6.3.1770-30.7.1841) botaniker 
Lange, Johan Martin Christian (20.3.1818-3.4.1898) botaniker 
Liebmann, Frederik Michael (10.10.1813-29.10.1856) botaniker 
Müller, Otto Frederik (2.3.1730-26.12.1784) botaniker 
Oeder, Georg Christian (3.2.1728-28.1.1791) botaniker 
Vahl, Martin (7.10.1749-24.12.1804) botaniker",1764,"Flora Danica Hft. 3, Tab. 138

Figur 1
Latinsk navn: Utricularia vulgaris L.
Dansk slægtsnavn: Blærerod
Dansk artsepitet: Almindelig
Dansk familienavn: Blærerodfamilien
Latinsk familienavn: Lentibulariaceae",Digitale Samlinger: Digitale Samlinger: Billeder:Særudgivelser:Flora Danica:Taxonomisk gruppe:Karplanter,Digitale Samlinger: Billeder:Særudgivelser:Flora Danica:Hæfte:Hft.  3,Materialet er fri af ophavsret,Karplanter
floradanica_0141.tif,Hypericum humifusum L.,Fol. Top. Bot. Danmark,"Danmark
Norge","Hornemann, Jens Wilken (6.3.1770-30.7.1841) botaniker 
Lange, Johan Martin Christian (20.3.1818-3.4.1898) botaniker 
Liebmann, Frederik Michael (10.10.1813-29.10.1856) botaniker 
Müller, Otto Frederik (2.3.1730-26.12.1784) botaniker 
Oeder, Georg Christian (3.2.1728-28.1.1791) botaniker 
Vahl, Martin (7.10.1749-24.12.1804) botaniker",1764,"Flora Danica Hft. 3, Tab. 141

Figur 1
Latinsk navn: Hypericum humifusum L.
Dansk slægtsnavn: Perikon
Dansk artsepitet: Dværg-
Dansk familienavn: Perikonfamilien
Latinsk familienavn: Clusiaceae",Digitale Samlinger: Digitale Samlinger: Billeder:Særudgivelser:Flora Danica:Taxonomisk gruppe:Karplanter,Digitale Samlinger: Billeder:Særudgivelser:Flora Danica:Hæfte:Hft.  3,Materialet er fri af ophavsret,Karplanter
floradanica_0144.tif,Ranunculus lapponicus Oed.,Fol. Top. Bot. Danmark,"Danmark
Norge","Hornemann, Jens Wilken (6.3.1770-30.7.1841) botaniker 
Lange, Johan Martin Christian (20.3.1818-3.4.1898) botaniker 
Liebmann, Frederik Michael (10.10.1813-29.10.1856) botaniker 
Müller, Otto Frederik (2.3.1730-26.12.1784) botaniker 
Oeder, Georg Christian (3.2.1728-28.1.1791) botaniker 
Vahl, Martin (7.10.1749-24.12.1804) botaniker",1764,"Flora Danica Hft. 3, Tab. 144

Figur 1
Latinsk navn: Ranunculus pygmaeus Wahlenb.
Dansk slægtsnavn: Ranunkel
Dansk artsepitet: Dværg-
Lange nomenklator: Ranunculus pygmaeus Wahlenb.
Dansk familienavn: Ranunkelfamilien
Latinsk familienavn: Ranunculaceae
Alt. latinske navne: Ranunculus pygmaeus Wahlenb. ssp. pygmaeus",Digitale Samlinger: Digitale Samlinger: Billeder:Særudgivelser:Flora Danica:Taxonomisk gruppe:Karplanter,Digitale Samlinger: Billeder:Særudgivelser:Flora Danica:Hæfte:Hft.  3,Materialet er fri af ophavsret,Karplanter
floradanica_0147.tif,Ophioglossum vulgatum L.,Fol. Top. Bot. Danmark,"Danmark
Norge","Hornemann, Jens Wilken (6.3.1770-30.7.1841) botaniker 
Lange, Johan Martin Christian (20.3.1818-3.4.1898) botaniker 
Liebmann, Frederik Michael (10.10.1813-29.10.1856) botaniker 
Müller, Otto Frederik (2.3.1730-26.12.1784) botaniker 
Oeder, Georg Christian (3.2.1728-28.1.1791) botaniker 
Vahl, Martin (7.10.1749-24.12.1804) botaniker",1764,"Flora Danica Hft. 3, Tab. 147

Figur 1
Latinsk navn: Ophioglossum vulgatum L.
Dansk slægtsnavn: Slangetunge
Dansk familienavn: Slangetungefamilien
Latinsk familienavn: Ophioglossaceae
Alt. dansk slægtsnavn: Slangetunge
Alt. dansk artsepitet: Almindelig
Alt. latinske navne: Ophioglossum vulgatum L. ssp. vulgatum",Digitale Samlinger: Digitale Samlinger: Billeder:Særudgivelser:Flora Danica:Taxonomisk gruppe:Karplanter,Digitale Samlinger: Billeder:Særudgivelser:Flora Danica:Hæfte:Hft.  3,Materialet er fri af ophavsret,Karplanter
floradanica_0150.tif,Hypochoeris radicata L.,Fol. Top. Bot. Danmark,"Danmark
Norge","Hornemann, Jens Wilken (6.3.1770-30.7.1841) botaniker 
Lange, Johan Martin Christian (20.3.1818-3.4.1898) botaniker 
Liebmann, Frederik Michael (10.10.1813-29.10.1856) botaniker 
Müller, Otto Frederik (2.3.1730-26.12.1784) botaniker 
Oeder, Georg Christian (3.2.1728-28.1.1791) botaniker 
Vahl, Martin (7.10.1749-24.12.1804) botaniker",1764,"Flora Danica Hft. 3, Tab. 150

Figur 1
Latinsk navn: Hypochoeris radicata L.
Dansk slægtsnavn: Kongepen
Dansk artsepitet: Almindelig
Dansk familienavn: Kurvblomstfamilien
Latinsk familienavn: Asteraceae",Digitale Samlinger: Digitale Samlinger: Billeder:Særudgivelser:Flora Danica:Taxonomisk gruppe:Karplanter,Digitale Samlinger: Billeder:Særudgivelser:Flora Danica:Hæfte:Hft.  3,Materialet er fri af ophavsret,Karplanter
floradanica_0152.tif,Convallaria multiflora L.,Fol. Top. Bot. Danmark,"Danmark
Norge","Hornemann, Jens Wilken (6.3.1770-30.7.1841) botaniker 
Lange, Johan Martin Christian (20.3.1818-3.4.1898) botaniker 
Liebmann, Frederik Michael (10.10.1813-29.10.1856) botaniker 
Müller, Otto Frederik (2.3.1730-26.12.1784) botaniker 
Oeder, Georg Christian (3.2.1728-28.1.1791) botaniker 
Vahl, Martin (7.10.1749-24.12.1804) botaniker",1764,"Flora Danica Hft. 3, Tab. 152

Figur 1
Latinsk navn: Polygonatum multiflorum (L.) All.
Dansk slægtsnavn: Konval
Dansk artsepitet: Stor
Dansk familienavn: Liljefamilien
Latinsk familienavn: Liliaceae
Alt. dansk slægtsnavn: Storkonval
Alt. dansk artsepitet: Almindelig",Digitale Samlinger: Digitale Samlinger: Billeder:Særudgivelser:Flora Danica:Taxonomisk gruppe:Karplanter,Digitale Samlinger: Billeder:Særudgivelser:Flora Danica:Hæfte:Hft.  3,Materialet er fri af ophavsret,Karplanter
floradanica_0156.tif,Elatine Hydropiper L.,Fol. Top. Bot. Danmark,"Danmark
Norge","Hornemann, Jens Wilken (6.3.1770-30.7.1841) botaniker 
Lange, Johan Martin Christian (20.3.1818-3.4.1898) botaniker 
Liebmann, Frederik Michael (10.10.1813-29.10.1856) botaniker 
Müller, Otto Frederik (2.3.1730-26.12.1784) botaniker 
Oeder, Georg Christian (3.2.1728-28.1.1791) botaniker 
Vahl, Martin (7.10.1749-24.12.1804) botaniker",1764,"Flora Danica Hft. 3, Tab. 156

Figur 1
Latinsk navn: Elatine hydropiper L.
Dansk slægtsnavn: Bækarve
Dansk artsepitet: Vandpeber-
Lange nomenklator: Elatine Hydropiper [alfa], gyrosperma Düb.
Dansk familienavn: Bækarvefamilien
Latinsk familienavn: Elatinaceae",Digitale Samlinger: Digitale Samlinger: Billeder:Særudgivelser:Flora Danica:Taxonomisk gruppe:Karplanter,Digitale Samlinger: Billeder:Særudgivelser:Flora Danica:Hæfte:Hft.  3,Materialet er fri af ophavsret,Karplanter
floradanica_0157.tif,Aira flexuosa L.,Fol. Top. Bot. Danmark,"Danmark
Norge","Hornemann, Jens Wilken (6.3.1770-30.7.1841) botaniker 
Lange, Johan Martin Christian (20.3.1818-3.4.1898) botaniker 
Liebmann, Frederik Michael (10.10.1813-29.10.1856) botaniker 
Müller, Otto Frederik (2.3.1730-26.12.1784) botaniker 
Oeder, Georg Christian (3.2.1728-28.1.1791) botaniker 
Vahl, Martin (7.10.1749-24.12.1804) botaniker",1764,"Flora Danica Hft. 3, Tab. 157

Figur 1
Latinsk navn: Deschampsia flexuosa (L.) Trin.
Dansk slægtsnavn: Bunke
Dansk artsepitet: Bølget
Dansk familienavn: Græsfamilien
Latinsk familienavn: Poaceae
Alt. latinske navne: Avenella flexuosa (L.) Parl.",Digitale Samlinger: Digitale Samlinger: Billeder:Særudgivelser:Flora Danica:Taxonomisk gruppe:Karplanter,Digitale Samlinger: Billeder:Særudgivelser:Flora Danica:Hæfte:Hft.  3,Materialet er fri af ophavsret,Karplanter
floradanica_0159.tif,Carex Saxatilis L.,Fol. Top. Bot. Danmark,"Danmark
Norge","Hornemann, Jens Wilken (6.3.1770-30.7.1841) botaniker 
Lange, Johan Martin Christian (20.3.1818-3.4.1898) botaniker 
Liebmann, Frederik Michael (10.10.1813-29.10.1856) botaniker 
Müller, Otto Frederik (2.3.1730-26.12.1784) botaniker 
Oeder, Georg Christian (3.2.1728-28.1.1791) botaniker 
Vahl, Martin (7.10.1749-24.12.1804) botaniker",1764,"Flora Danica Hft. 3, Tab. 159

Figur 1
Latinsk navn: Carex bigelowii Torrey ex Schweinitz ssp. nardeticola J. Holub.
Dansk slægtsnavn: Star
Dansk artsepitet: Rank
Lange nomenklator: Carex rigida Good. (C.saxatilis Wahlenb.).
Dansk familienavn: Halvgræsfamilien
Latinsk familienavn: Cyperaceae
Alt. latinske navne: ""Carex rigida Good. non Schrank; Carex bigelowii Torrey ex Schweinitz ssp. rigida Schultze-Motel""",Digitale Samlinger: Digitale Samlinger: Billeder:Særudgivelser:Flora Danica:Taxonomisk gruppe:Karplanter,Digitale Samlinger: Billeder:Særudgivelser:Flora Danica:Hæfte:Hft.  3,Materialet er fri af ophavsret,Karplanter
floradanica_0160.tif,Lolium temulentum,Fol. Top. Bot. Danmark,"Danmark
Norge","Hornemann, Jens Wilken (6.3.1770-30.7.1841) botaniker 
Lange, Johan Martin Christian (20.3.1818-3.4.1898) botaniker 
Liebmann, Frederik Michael (10.10.1813-29.10.1856) botaniker 
Müller, Otto Frederik (2.3.1730-26.12.1784) botaniker 
Oeder, Georg Christian (3.2.1728-28.1.1791) botaniker 
Vahl, Martin (7.10.1749-24.12.1804) botaniker",1764,"Flora Danica Hft. 3, Tab. 160

Figur 1
Latinsk navn: Lolium temulentum L.
Dansk slægtsnavn: Rajgræs
Dansk artsepitet: Giftig
Dansk familienavn: Græsfamilien
Latinsk familienavn: Poaceae",Digitale Samlinger: Digitale Samlinger: Billeder:Særudgivelser:Flora Danica:Taxonomisk gruppe:Karplanter,Digitale Samlinger: Billeder:Særudgivelser:Flora Danica:Hæfte:Hft.  3,Materialet er fri af ophavsret,Karplanter
floradanica_0162.tif,Festuca decumbens L.,Fol. Top. Bot. Danmark,"Danmark
Norge","Hornemann, Jens Wilken (6.3.1770-30.7.1841) botaniker 
Lange, Johan Martin Christian (20.3.1818-3.4.1898) botaniker 
Liebmann, Frederik Michael (10.10.1813-29.10.1856) botaniker 
Müller, Otto Frederik (2.3.1730-26.12.1784) botaniker 
Oeder, Georg Christian (3.2.1728-28.1.1791) botaniker 
Vahl, Martin (7.10.1749-24.12.1804) botaniker",1764,"Flora Danica Hft. 3, Tab. 162

Figur 1
Latinsk navn: Danthonia decumbens (L.) DC. in Lam. & DC.
Dansk slægtsnavn: Tandbælg
Dansk artsepitet: Almindelig
Lange nomenklator: Triodia decumbens (L.) P.B. (Poa decumb. Scop.).
Dansk familienavn: Græsfamilien
Latinsk familienavn: Poaceae
Alt. dansk slægtsnavn: Tandbælg
Alt. dansk artsepitet: Nedliggende
Alt. latinske navne: Sieglingia decumbens (L.) Bernh.",Digitale Samlinger: Digitale Samlinger: Billeder:Særudgivelser:Flora Danica:Taxonomisk gruppe:Karplanter,Digitale Samlinger: Billeder:Særudgivelser:Flora Danica:Hæfte:Hft.  3,Materialet er fri af ophavsret,Karplanter
floradanica_0164.tif,Bromus pinnatus Oed.,Fol. Top. Bot. Danmark,"Danmark
Norge","Hornemann, Jens Wilken (6.3.1770-30.7.1841) botaniker 
Lange, Johan Martin Christian (20.3.1818-3.4.1898) botaniker 
Liebmann, Frederik Michael (10.10.1813-29.10.1856) botaniker 
Müller, Otto Frederik (2.3.1730-26.12.1784) botaniker 
Oeder, Georg Christian (3.2.1728-28.1.1791) botaniker 
Vahl, Martin (7.10.1749-24.12.1804) botaniker",1764,"Flora Danica Hft. 3, Tab. 164

Figur 1
Latinsk navn: Brachypodium sylvaticum (Hudson) Beauv.
Dansk slægtsnavn: Stilkaks
Dansk artsepitet: Skov-
Lange nomenklator: Brachypodium gracile P.B. (Festuca gracilis Moench).
Dansk familienavn: Græsfamilien
Latinsk familienavn: Poaceae",Digitale Samlinger: Digitale Samlinger: Billeder:Særudgivelser:Flora Danica:Taxonomisk gruppe:Karplanter,Digitale Samlinger: Billeder:Særudgivelser:Flora Danica:Hæfte:Hft.  3,Materialet er fri af ophavsret,Karplanter
floradanica_0170.tif,Plantago uniflora L.,Fol. Top. Bot. Danmark,"Danmark
Norge","Hornemann, Jens Wilken (6.3.1770-30.7.1841) botaniker 
Lange, Johan Martin Christian (20.3.1818-3.4.1898) botaniker 
Liebmann, Frederik Michael (10.10.1813-29.10.1856) botaniker 
Müller, Otto Frederik (2.3.1730-26.12.1784) botaniker 
Oeder, Georg Christian (3.2.1728-28.1.1791) botaniker 
Vahl, Martin (7.10.1749-24.12.1804) botaniker",1764,"Flora Danica Hft. 3, Tab. 170

Figur 1
Latinsk navn: Littorella uniflora (L.) Ascherson
Dansk slægtsnavn: Strandbo
Lange nomenklator: Littorella lacustris L.
Dansk familienavn: Vejbredfamilien
Latinsk familienavn: Plantaginaceae",Digitale Samlinger: Digitale Samlinger: Billeder:Særudgivelser:Flora Danica:Taxonomisk gruppe:Karplanter,Digitale Samlinger: Billeder:Særudgivelser:Flora Danica:Hæfte:Hft.  3,Materialet er fri af ophavsret,Karplanter
floradanica_0173.tif,Hypericum montanum L.,Fol. Top. Bot. Danmark,"Danmark
Norge","Hornemann, Jens Wilken (6.3.1770-30.7.1841) botaniker 
Lange, Johan Martin Christian (20.3.1818-3.4.1898) botaniker 
Liebmann, Frederik Michael (10.10.1813-29.10.1856) botaniker 
Müller, Otto Frederik (2.3.1730-26.12.1784) botaniker 
Oeder, Georg Christian (3.2.1728-28.1.1791) botaniker 
Vahl, Martin (7.10.1749-24.12.1804) botaniker",1764,"Flora Danica Hft. 3, Tab. 173

Figur 1
Latinsk navn: Hypericum montanum L.
Dansk slægtsnavn: Perikon
Dansk artsepitet: Bjerg-
Dansk familienavn: Perikonfamilien
Latinsk familienavn: Clusiaceae",Digitale Samlinger: Digitale Samlinger: Billeder:Særudgivelser:Flora Danica:Taxonomisk gruppe:Karplanter,Digitale Samlinger: Billeder:Særudgivelser:Flora Danica:Hæfte:Hft.  3,Materialet er fri af ophavsret,Karplanter
floradanica_0177.tif,Centunculus minimus L.,Fol. Top. Bot. Danmark,"Danmark
Norge","Hornemann, Jens Wilken (6.3.1770-30.7.1841) botaniker 
Lange, Johan Martin Christian (20.3.1818-3.4.1898) botaniker 
Liebmann, Frederik Michael (10.10.1813-29.10.1856) botaniker 
Müller, Otto Frederik (2.3.1730-26.12.1784) botaniker 
Oeder, Georg Christian (3.2.1728-28.1.1791) botaniker 
Vahl, Martin (7.10.1749-24.12.1804) botaniker",1764,"Flora Danica Hft. 3, Tab. 177

Figur 1
Latinsk navn: Anagallis minima (L.) E. H. L. Krause in Sturm
Dansk slægtsnavn: Knudearve
Dansk familienavn: Kodriverfamilien
Latinsk familienavn: Primulaceae
Alt. dansk slægtsnavn: Knudearve
Alt. dansk artsepitet: Liden
Alt. latinske navne: Centunculus minimus L.",Digitale Samlinger: Digitale Samlinger: Billeder:Særudgivelser:Flora Danica:Taxonomisk gruppe:Karplanter,Digitale Samlinger: Billeder:Særudgivelser:Flora Danica:Hæfte:Hft.  3,Materialet er fri af ophavsret,Karplanter
floradanica_0181.tif,Ophrys Nidus avis L.,Fol. Top. Bot. Danmark,"Danmark
Norge","Hornemann, Jens Wilken (6.3.1770-30.7.1841) botaniker 
Lange, Johan Martin Christian (20.3.1818-3.4.1898) botaniker 
Liebmann, Frederik Michael (10.10.1813-29.10.1856) botaniker 
Müller, Otto Frederik (2.3.1730-26.12.1784) botaniker 
Oeder, Georg Christian (3.2.1728-28.1.1791) botaniker 
Vahl, Martin (7.10.1749-24.12.1804) botaniker",1765,"Flora Danica Hft. 4, Tab. 181

Figur 1
Latinsk navn: Neottia nidus-avis (L.) L. C. M. Richard
Dansk slægtsnavn: Rederod
Lange nomenklator: Neottia Nidus Avis (L) Rich.
Dansk familienavn: Gøgeurtfamilien
Latinsk familienavn: Orchidaceae
Alt. dansk slægtsnavn: Rederod
Alt. dansk artsepitet: Gulbrun",Digitale Samlinger: Digitale Samlinger: Billeder:Særudgivelser:Flora Danica:Taxonomisk gruppe:Karplanter,Digitale Samlinger: Billeder:Særudgivelser:Flora Danica:Hæfte:Hft.  4,Materialet er fri af ophavsret,Karplanter
floradanica_0182.tif,Sonchus alpinus L.,Fol. Top. Bot. Danmark,"Danmark
Norge","Hornemann, Jens Wilken (6.3.1770-30.7.1841) botaniker 
Lange, Johan Martin Christian (20.3.1818-3.4.1898) botaniker 
Liebmann, Frederik Michael (10.10.1813-29.10.1856) botaniker 
Müller, Otto Frederik (2.3.1730-26.12.1784) botaniker 
Oeder, Georg Christian (3.2.1728-28.1.1791) botaniker 
Vahl, Martin (7.10.1749-24.12.1804) botaniker",1765,"Flora Danica Hft. 4, Tab. 182

Figur 1
Latinsk navn: Cicerbita alpina (L.) Wallr.
Dansk slægtsnavn: Turt
Dansk artsepitet: Fjeld-
Lange nomenklator: Mulgedium alpinum (L.) Less.
Dansk familienavn: Kurvblomstfamilien
Latinsk familienavn: Asteraceae
Alt. dansk slægtsnavn: Turt
Alt. dansk artsepitet: Almindelig
Alt. latinske navne: ""Lactuca alpina (L.) A. Gray; Mulgedium alpinum (L.) Less.""",Digitale Samlinger: Digitale Samlinger: Billeder:Særudgivelser:Flora Danica:Taxonomisk gruppe:Karplanter,Digitale Samlinger: Billeder:Særudgivelser:Flora Danica:Hæfte:Hft.  4,Materialet er fri af ophavsret,Karplanter
floradanica_0184.tif,Lepidium ruderale L.,Fol. Top. Bot. Danmark,"Danmark
Norge","Hornemann, Jens Wilken (6.3.1770-30.7.1841) botaniker 
Lange, Johan Martin Christian (20.3.1818-3.4.1898) botaniker 
Liebmann, Frederik Michael (10.10.1813-29.10.1856) botaniker 
Müller, Otto Frederik (2.3.1730-26.12.1784) botaniker 
Oeder, Georg Christian (3.2.1728-28.1.1791) botaniker 
Vahl, Martin (7.10.1749-24.12.1804) botaniker",1765,"Flora Danica Hft. 4, Tab. 184

Figur 1
Latinsk navn: Lepidium ruderale L.
Dansk slægtsnavn: Karse
Dansk artsepitet: Stinkende
Dansk familienavn: Korsblomstfamilien
Latinsk familienavn: Brassicaceae
Alt. latinske navne: ""Lepidium ambiguum Lange; Thlaspi ruderale (L.) All.; Iberis ruderalis (L.) Crantz""",Digitale Samlinger: Digitale Samlinger: Billeder:Særudgivelser:Flora Danica:Taxonomisk gruppe:Karplanter,Digitale Samlinger: Billeder:Særudgivelser:Flora Danica:Hæfte:Hft.  4,Materialet er fri af ophavsret,Karplanter
floradanica_0186.tif,Potamogeton marinum L. Oed.,Fol. Top. Bot. Danmark,"Danmark
Norge","Hornemann, Jens Wilken (6.3.1770-30.7.1841) botaniker 
Lange, Johan Martin Christian (20.3.1818-3.4.1898) botaniker 
Liebmann, Frederik Michael (10.10.1813-29.10.1856) botaniker 
Müller, Otto Frederik (2.3.1730-26.12.1784) botaniker 
Oeder, Georg Christian (3.2.1728-28.1.1791) botaniker 
Vahl, Martin (7.10.1749-24.12.1804) botaniker",1765,"Flora Danica Hft. 4, Tab. 186

Figur 1
Latinsk navn: Potamogeton pectinatus L.
Dansk slægtsnavn: Vandaks
Dansk artsepitet: Børstebladet
Lange nomenklator: Potamogeton pectinatus L
Dansk familienavn: Vandaksfamilien
Latinsk familienavn: Potamogetonaceae",Digitale Samlinger: Digitale Samlinger: Billeder:Særudgivelser:Flora Danica:Taxonomisk gruppe:Karplanter,Digitale Samlinger: Billeder:Særudgivelser:Flora Danica:Hæfte:Hft.  4,Materialet er fri af ophavsret,Karplanter
floradanica_0189.tif,Campanula rotundifolia L. var. [gamma],Fol. Top. Bot. Danmark,"Danmark
Norge","Hornemann, Jens Wilken (6.3.1770-30.7.1841) botaniker 
Lange, Johan Martin Christian (20.3.1818-3.4.1898) botaniker 
Liebmann, Frederik Michael (10.10.1813-29.10.1856) botaniker 
Müller, Otto Frederik (2.3.1730-26.12.1784) botaniker 
Oeder, Georg Christian (3.2.1728-28.1.1791) botaniker 
Vahl, Martin (7.10.1749-24.12.1804) botaniker",1765,"Flora Danica Hft. 4, Tab. 189

Figur 1
Latinsk navn: Campanula rotundifolia L. ssp. rotundifolia
Dansk slægtsnavn: Klokke
Dansk artsepitet: Liden
Lange nomenklator: Campanula rotundifolia var. uniflora Lge.
Dansk familienavn: Klokkefamilien
Latinsk familienavn: Campanulaceae",Digitale Samlinger: Digitale Samlinger: Billeder:Særudgivelser:Flora Danica:Taxonomisk gruppe:Karplanter,Digitale Samlinger: Billeder:Særudgivelser:Flora Danica:Hæfte:Hft.  4,Materialet er fri af ophavsret,Karplanter
floradanica_0195.tif,Potamogeton lucens L.,Fol. Top. Bot. Danmark,"Danmark
Norge","Hornemann, Jens Wilken (6.3.1770-30.7.1841) botaniker 
Lange, Johan Martin Christian (20.3.1818-3.4.1898) botaniker 
Liebmann, Frederik Michael (10.10.1813-29.10.1856) botaniker 
Müller, Otto Frederik (2.3.1730-26.12.1784) botaniker 
Oeder, Georg Christian (3.2.1728-28.1.1791) botaniker 
Vahl, Martin (7.10.1749-24.12.1804) botaniker",1765,"Flora Danica Hft. 4, Tab. 195

Figur 1
Latinsk navn: Potamogeton lucens L.
Dansk slægtsnavn: Vandaks
Dansk artsepitet: Glinsende
Dansk familienavn: Vandaksfamilien
Latinsk familienavn: Potamogetonaceae",Digitale Samlinger: Digitale Samlinger: Billeder:Særudgivelser:Flora Danica:Taxonomisk gruppe:Karplanter,Digitale Samlinger: Billeder:Særudgivelser:Flora Danica:Hæfte:Hft.  4,Materialet er fri af ophavsret,Karplanter
floradanica_0198.tif,Samolus Valerandi L.,Fol. Top. Bot. Danmark,"Danmark
Norge","Hornemann, Jens Wilken (6.3.1770-30.7.1841) botaniker 
Lange, Johan Martin Christian (20.3.1818-3.4.1898) botaniker 
Liebmann, Frederik Michael (10.10.1813-29.10.1856) botaniker 
Müller, Otto Frederik (2.3.1730-26.12.1784) botaniker 
Oeder, Georg Christian (3.2.1728-28.1.1791) botaniker 
Vahl, Martin (7.10.1749-24.12.1804) botaniker",1765,"Flora Danica Hft. 4, Tab. 198

Figur 1
Latinsk navn: Samolus valerandi L.
Dansk slægtsnavn: Samel
Dansk familienavn: Kodriverfamilien
Latinsk familienavn: Primulaceae
Alt. dansk slægtsnavn: Samel
Alt. dansk artsepitet: Strand-",Digitale Samlinger: Digitale Samlinger: Billeder:Særudgivelser:Flora Danica:Taxonomisk gruppe:Karplanter,Digitale Samlinger: Billeder:Særudgivelser:Flora Danica:Hæfte:Hft.  4,Materialet er fri af ophavsret,Karplanter
floradanica_0199.tif,Cuscuta europaea L.,Fol. Top. Bot. Danmark,"Danmark
Norge","Hornemann, Jens Wilken (6.3.1770-30.7.1841) botaniker 
Lange, Johan Martin Christian (20.3.1818-3.4.1898) botaniker 
Liebmann, Frederik Michael (10.10.1813-29.10.1856) botaniker 
Müller, Otto Frederik (2.3.1730-26.12.1784) botaniker 
Oeder, Georg Christian (3.2.1728-28.1.1791) botaniker 
Vahl, Martin (7.10.1749-24.12.1804) botaniker",1765,"Flora Danica Hft. 4, Tab. 199

Figur 1
Latinsk navn: Cuscuta europaea L.
Dansk slægtsnavn: Silke
Dansk artsepitet: Nælde-
Dansk familienavn: Silkefamilien
Latinsk familienavn: Cuscutaceae",Digitale Samlinger: Digitale Samlinger: Billeder:Særudgivelser:Flora Danica:Taxonomisk gruppe:Karplanter,Digitale Samlinger: Billeder:Særudgivelser:Flora Danica:Hæfte:Hft.  4,Materialet er fri af ophavsret,Karplanter
floradanica_0206.tif,Angelica Archangelica L.,Fol. Top. Bot. Danmark,"Danmark
Norge","Hornemann, Jens Wilken (6.3.1770-30.7.1841) botaniker 
Lange, Johan Martin Christian (20.3.1818-3.4.1898) botaniker 
Liebmann, Frederik Michael (10.10.1813-29.10.1856) botaniker 
Müller, Otto Frederik (2.3.1730-26.12.1784) botaniker 
Oeder, Georg Christian (3.2.1728-28.1.1791) botaniker 
Vahl, Martin (7.10.1749-24.12.1804) botaniker",1765,"Flora Danica Hft. 4, Tab. 206

Figur 1
Latinsk navn: Angelica archangelica L. ssp. archangelica
Dansk slægtsnavn: Kvan
Dansk artsepitet: Fjeld-
Lange nomenklator: Archangelica officinalis Hoffm.
Dansk familienavn: Skærmblomstfamilien
Latinsk familienavn: Apiaceae
Alt. dansk slægtsnavn: Kvan
Alt. latinske navne: Archangelica officinalis Hoffm.",Digitale Samlinger: Digitale Samlinger: Billeder:Særudgivelser:Flora Danica:Taxonomisk gruppe:Karplanter,Digitale Samlinger: Billeder:Særudgivelser:Flora Danica:Hæfte:Hft.  4,Materialet er fri af ophavsret,Karplanter
floradanica_0207.tif,Ligusticum scoticum L.,Fol. Top. Bot. Danmark,"Danmark
Norge","Hornemann, Jens Wilken (6.3.1770-30.7.1841) botaniker 
Lange, Johan Martin Christian (20.3.1818-3.4.1898) botaniker 
Liebmann, Frederik Michael (10.10.1813-29.10.1856) botaniker 
Müller, Otto Frederik (2.3.1730-26.12.1784) botaniker 
Oeder, Georg Christian (3.2.1728-28.1.1791) botaniker 
Vahl, Martin (7.10.1749-24.12.1804) botaniker",1765,"Flora Danica Hft. 4, Tab. 207

Figur 1
Latinsk navn: Ligusticum scoticum L.
Dansk slægtsnavn: Lostilk
Dansk artsepitet: Skotsk
Lange nomenklator: Haloscias scoticum (L.) Fr.
Dansk familienavn: Skærmblomstfamilien
Latinsk familienavn: Apiaceae",Digitale Samlinger: Digitale Samlinger: Billeder:Særudgivelser:Flora Danica:Taxonomisk gruppe:Karplanter,Digitale Samlinger: Billeder:Særudgivelser:Flora Danica:Hæfte:Hft.  4,Materialet er fri af ophavsret,Karplanter
floradanica_0213.tif,Phleum alpinum L.,Fol. Top. Bot. Danmark,"Danmark
Norge","Hornemann, Jens Wilken (6.3.1770-30.7.1841) botaniker 
Lange, Johan Martin Christian (20.3.1818-3.4.1898) botaniker 
Liebmann, Frederik Michael (10.10.1813-29.10.1856) botaniker 
Müller, Otto Frederik (2.3.1730-26.12.1784) botaniker 
Oeder, Georg Christian (3.2.1728-28.1.1791) botaniker 
Vahl, Martin (7.10.1749-24.12.1804) botaniker",1765,"Flora Danica Hft. 4, Tab. 213

Figur 1
Latinsk navn: Phleum alpinum L.
Dansk slægtsnavn: Rottehale
Dansk artsepitet: Fjeld-
Dansk familienavn: Græsfamilien
Latinsk familienavn: Poaceae
Alt. latinske navne: Phleum alpinum L. ssp. alpinum",Digitale Samlinger: Digitale Samlinger: Billeder:Særudgivelser:Flora Danica:Taxonomisk gruppe:Karplanter,Digitale Samlinger: Billeder:Særudgivelser:Flora Danica:Hæfte:Hft.  4,Materialet er fri af ophavsret,Karplanter
floradanica_0217.tif,Osmunda regalis L.,Fol. Top. Bot. Danmark,"Danmark
Norge","Hornemann, Jens Wilken (6.3.1770-30.7.1841) botaniker 
Lange, Johan Martin Christian (20.3.1818-3.4.1898) botaniker 
Liebmann, Frederik Michael (10.10.1813-29.10.1856) botaniker 
Müller, Otto Frederik (2.3.1730-26.12.1784) botaniker 
Oeder, Georg Christian (3.2.1728-28.1.1791) botaniker 
Vahl, Martin (7.10.1749-24.12.1804) botaniker",1765,"Flora Danica Hft. 4, Tab. 217

Figur 1
Latinsk navn: Osmunda regalis L.
Dansk slægtsnavn: Kongebregne
Dansk familienavn: Kongebregnefamilien
Latinsk familienavn: Osmundaceae
Alt. dansk slægtsnavn: Kongebregne
Alt. dansk artsepitet: Almindelig",Digitale Samlinger: Digitale Samlinger: Billeder:Særudgivelser:Flora Danica:Taxonomisk gruppe:Karplanter,Digitale Samlinger: Billeder:Særudgivelser:Flora Danica:Hæfte:Hft.  4,Materialet er fri af ophavsret,Karplanter
floradanica_0218.tif,Geranium lucidum L.,Fol. Top. Bot. Danmark,"Danmark
Norge","Hornemann, Jens Wilken (6.3.1770-30.7.1841) botaniker 
Lange, Johan Martin Christian (20.3.1818-3.4.1898) botaniker 
Liebmann, Frederik Michael (10.10.1813-29.10.1856) botaniker 
Müller, Otto Frederik (2.3.1730-26.12.1784) botaniker 
Oeder, Georg Christian (3.2.1728-28.1.1791) botaniker 
Vahl, Martin (7.10.1749-24.12.1804) botaniker",1765,"Flora Danica Hft. 4, Tab. 218

Figur 1
Latinsk navn: Geranium lucidum L.
Dansk slægtsnavn: Storkenæb
Dansk artsepitet: Skinnende
Dansk familienavn: Storkenæbfamilien
Latinsk familienavn: Geraniaceae",Digitale Samlinger: Digitale Samlinger: Billeder:Særudgivelser:Flora Danica:Taxonomisk gruppe:Karplanter,Digitale Samlinger: Billeder:Særudgivelser:Flora Danica:Hæfte:Hft.  4,Materialet er fri af ophavsret,Karplanter
floradanica_0219.tif,Ranunculus arvensis L.,Fol. Top. Bot. Danmark,"Danmark
Norge","Hornemann, Jens Wilken (6.3.1770-30.7.1841) botaniker 
Lange, Johan Martin Christian (20.3.1818-3.4.1898) botaniker 
Liebmann, Frederik Michael (10.10.1813-29.10.1856) botaniker 
Müller, Otto Frederik (2.3.1730-26.12.1784) botaniker 
Oeder, Georg Christian (3.2.1728-28.1.1791) botaniker 
Vahl, Martin (7.10.1749-24.12.1804) botaniker",1765,"Flora Danica Hft. 4, Tab. 219

Figur 1
Latinsk navn: Ranunculus arvensis L.
Dansk slægtsnavn: Ranunkel
Dansk artsepitet: Ager-
Dansk familienavn: Ranunkelfamilien
Latinsk familienavn: Ranunculaceae
Alt. dansk slægtsnavn: Smørblomst
Alt. latinske navne: Ranunculus tuberculatus DC.",Digitale Samlinger: Digitale Samlinger: Billeder:Særudgivelser:Flora Danica:Taxonomisk gruppe:Karplanter,Digitale Samlinger: Billeder:Særudgivelser:Flora Danica:Hæfte:Hft.  4,Materialet er fri af ophavsret,Karplanter
floradanica_0220.tif,Bunium Bulbocastanum Oed.,Fol. Top. Bot. Danmark,"Danmark
Norge","Hornemann, Jens Wilken (6.3.1770-30.7.1841) botaniker 
Lange, Johan Martin Christian (20.3.1818-3.4.1898) botaniker 
Liebmann, Frederik Michael (10.10.1813-29.10.1856) botaniker 
Müller, Otto Frederik (2.3.1730-26.12.1784) botaniker 
Oeder, Georg Christian (3.2.1728-28.1.1791) botaniker 
Vahl, Martin (7.10.1749-24.12.1804) botaniker",1765,"Flora Danica Hft. 4, Tab. 220

Figur 1
Latinsk navn: Conopodium majus (Gouan) Loret
Dansk slægtsnavn: Svinenød
Lange nomenklator: Conopodium denudatum Koch.
Dansk familienavn: Skærmblomstfamilien
Latinsk familienavn: Apiaceae",Digitale Samlinger: Digitale Samlinger: Billeder:Særudgivelser:Flora Danica:Taxonomisk gruppe:Karplanter,Digitale Samlinger: Billeder:Særudgivelser:Flora Danica:Hæfte:Hft.  4,Materialet er fri af ophavsret,Karplanter
floradanica_0221.tif,Dianthus prolifer L.,Fol. Top. Bot. Danmark,"Danmark
Norge","Hornemann, Jens Wilken (6.3.1770-30.7.1841) botaniker 
Lange, Johan Martin Christian (20.3.1818-3.4.1898) botaniker 
Liebmann, Frederik Michael (10.10.1813-29.10.1856) botaniker 
Müller, Otto Frederik (2.3.1730-26.12.1784) botaniker 
Oeder, Georg Christian (3.2.1728-28.1.1791) botaniker 
Vahl, Martin (7.10.1749-24.12.1804) botaniker",1765,"Flora Danica Hft. 4, Tab. 221

Figur 1
Latinsk navn: Petrorhagia prolifera (L.) P. W. Ball & Heywood
Dansk slægtsnavn: Knopnellike
Dansk artsepitet: Almindelig
Lange nomenklator: Kohlrauschia prolifera (L.) Kth.
Dansk familienavn: Nellikefamilien
Latinsk familienavn: Caryophyllaceae
Alt. dansk slægtsnavn: Knopnellike
Alt. latinske navne: ""Kohlrauschia prolifera (L.) Kunth; Tunica prolifera (L.) Scop.; Dianthus prolifer L.""",Digitale Samlinger: Digitale Samlinger: Billeder:Særudgivelser:Flora Danica:Taxonomisk gruppe:Karplanter,Digitale Samlinger: Billeder:Særudgivelser:Flora Danica:Hæfte:Hft.  4,Materialet er fri af ophavsret,Karplanter
floradanica_0222.tif,Potamogeton gramineum L.,Fol. Top. Bot. Danmark,"Danmark
Norge","Hornemann, Jens Wilken (6.3.1770-30.7.1841) botaniker 
Lange, Johan Martin Christian (20.3.1818-3.4.1898) botaniker 
Liebmann, Frederik Michael (10.10.1813-29.10.1856) botaniker 
Müller, Otto Frederik (2.3.1730-26.12.1784) botaniker 
Oeder, Georg Christian (3.2.1728-28.1.1791) botaniker 
Vahl, Martin (7.10.1749-24.12.1804) botaniker",1765,"Flora Danica Hft. 4, Tab. 222

Figur 1
Latinsk navn: Potamogeton gramineus L.
Dansk slægtsnavn: Vandaks
Dansk artsepitet: Græsbladet
Lange nomenklator: Potamogeton gramineus [alfa], homophyllus.
Dansk familienavn: Vandaksfamilien
Latinsk familienavn: Potamogetonaceae",Digitale Samlinger: Digitale Samlinger: Billeder:Særudgivelser:Flora Danica:Taxonomisk gruppe:Karplanter,Digitale Samlinger: Billeder:Særudgivelser:Flora Danica:Hæfte:Hft.  4,Materialet er fri af ophavsret,Karplanter
floradanica_0226.tif,Lichen vulpinus L.,Fol. Top. Bot. Danmark,"Danmark
Norge","Hornemann, Jens Wilken (6.3.1770-30.7.1841) botaniker 
Lange, Johan Martin Christian (20.3.1818-3.4.1898) botaniker 
Liebmann, Frederik Michael (10.10.1813-29.10.1856) botaniker 
Müller, Otto Frederik (2.3.1730-26.12.1784) botaniker 
Oeder, Georg Christian (3.2.1728-28.1.1791) botaniker 
Vahl, Martin (7.10.1749-24.12.1804) botaniker",1765,"Flora Danica Hft. 4, Tab. 226

Figur 1
Latinsk navn: -
Lange nomenklator: Chlorea vulpina (L.) Nyl.",Digitale Samlinger: Digitale Samlinger: Billeder:Særudgivelser:Flora Danica:Taxonomisk gruppe:Laver,Digitale Samlinger: Billeder:Særudgivelser:Flora Danica:Hæfte:Hft.  4,Materialet er fri af ophavsret,Laver
floradanica_0228.tif,Aira spicata L.,Fol. Top. Bot. Danmark,"Danmark
Norge","Hornemann, Jens Wilken (6.3.1770-30.7.1841) botaniker 
Lange, Johan Martin Christian (20.3.1818-3.4.1898) botaniker 
Liebmann, Frederik Michael (10.10.1813-29.10.1856) botaniker 
Müller, Otto Frederik (2.3.1730-26.12.1784) botaniker 
Oeder, Georg Christian (3.2.1728-28.1.1791) botaniker 
Vahl, Martin (7.10.1749-24.12.1804) botaniker",1765,"Flora Danica Hft. 4, Tab. 228

Figur 1
Latinsk navn: Trisetum spicatum (L.) K. Richter ssp. spicatum
Dansk slægtsnavn: Guldhavre
Dansk artsepitet: Fjeld-
Lange nomenklator: Trisetum subspicatum (L.) P.B.
Dansk familienavn: Græsfamilien
Latinsk familienavn: Poaceae
Alt. latinske navne: ""Trisetum spicatum (L.) Beauv.; Trisetum subspicatum (L.) Beauv.""",Digitale Samlinger: Digitale Samlinger: Billeder:Særudgivelser:Flora Danica:Taxonomisk gruppe:Karplanter,Digitale Samlinger: Billeder:Særudgivelser:Flora Danica:Hæfte:Hft.  4,Materialet er fri af ophavsret,Karplanter
floradanica_0230.tif,Dianthus Armeria L.,Fol. Top. Bot. Danmark,"Danmark
Norge","Hornemann, Jens Wilken (6.3.1770-30.7.1841) botaniker 
Lange, Johan Martin Christian (20.3.1818-3.4.1898) botaniker 
Liebmann, Frederik Michael (10.10.1813-29.10.1856) botaniker 
Müller, Otto Frederik (2.3.1730-26.12.1784) botaniker 
Oeder, Georg Christian (3.2.1728-28.1.1791) botaniker 
Vahl, Martin (7.10.1749-24.12.1804) botaniker",1765,"Flora Danica Hft. 4, Tab. 230

Figur 1
Latinsk navn: Dianthus armeria L.
Dansk slægtsnavn: Nellike
Dansk artsepitet: Kost-
Dansk familienavn: Nellikefamilien
Latinsk familienavn: Caryophyllaceae
Alt. latinske navne: Dianthus armeria L. ssp. armeria",Digitale Samlinger: Digitale Samlinger: Billeder:Særudgivelser:Flora Danica:Taxonomisk gruppe:Karplanter,Digitale Samlinger: Billeder:Særudgivelser:Flora Danica:Hæfte:Hft.  4,Materialet er fri af ophavsret,Karplanter
floradanica_0234.tif,Tamarix germanica L.,Fol. Top. Bot. Danmark,"Danmark
Norge","Hornemann, Jens Wilken (6.3.1770-30.7.1841) botaniker 
Lange, Johan Martin Christian (20.3.1818-3.4.1898) botaniker 
Liebmann, Frederik Michael (10.10.1813-29.10.1856) botaniker 
Müller, Otto Frederik (2.3.1730-26.12.1784) botaniker 
Oeder, Georg Christian (3.2.1728-28.1.1791) botaniker 
Vahl, Martin (7.10.1749-24.12.1804) botaniker",1765,"Flora Danica Hft. 4, Tab. 234

Figur 1
Latinsk navn: Myricaria germanica (L.) Desv.
Dansk slægtsnavn: Piskeris
Lange nomenklator: Myricaria germanica (L.) Desv.
Dansk familienavn: Tamariskfamilien
Latinsk familienavn: Tamaricaceae
Alt. dansk slægtsnavn: Tamarisk
Alt. dansk artsepitet: Tysk",Digitale Samlinger: Digitale Samlinger: Billeder:Særudgivelser:Flora Danica:Taxonomisk gruppe:Karplanter,Digitale Samlinger: Billeder:Særudgivelser:Flora Danica:Hæfte:Hft.  4,Materialet er fri af ophavsret,Karplanter
floradanica_0235.tif,Orchis bifolia L.,Fol. Top. Bot. Danmark,"Danmark
Norge","Hornemann, Jens Wilken (6.3.1770-30.7.1841) botaniker 
Lange, Johan Martin Christian (20.3.1818-3.4.1898) botaniker 
Liebmann, Frederik Michael (10.10.1813-29.10.1856) botaniker 
Müller, Otto Frederik (2.3.1730-26.12.1784) botaniker 
Oeder, Georg Christian (3.2.1728-28.1.1791) botaniker 
Vahl, Martin (7.10.1749-24.12.1804) botaniker",1765,"Flora Danica Hft. 4, Tab. 235

Figur 1
Latinsk navn: Platanthera bifolia (L.) L. C. M. Richard ssp. bifolia
Dansk slægtsnavn: Gøgelilje
Dansk artsepitet: Bakke-
Lange nomenklator: Platanthera solstitialis Boenn. 14)
Dansk familienavn: Gøgeurtfamilien
Latinsk familienavn: Orchidaceae
Alt. latinske navne: Orchis bifolia L.",Digitale Samlinger: Digitale Samlinger: Billeder:Særudgivelser:Flora Danica:Taxonomisk gruppe:Karplanter,Digitale Samlinger: Billeder:Særudgivelser:Flora Danica:Hæfte:Hft.  4,Materialet er fri af ophavsret,Karplanter
floradanica_0237.tif,Festuca fluitans L.,Fol. Top. Bot. Danmark,"Danmark
Norge","Hornemann, Jens Wilken (6.3.1770-30.7.1841) botaniker 
Lange, Johan Martin Christian (20.3.1818-3.4.1898) botaniker 
Liebmann, Frederik Michael (10.10.1813-29.10.1856) botaniker 
Müller, Otto Frederik (2.3.1730-26.12.1784) botaniker 
Oeder, Georg Christian (3.2.1728-28.1.1791) botaniker 
Vahl, Martin (7.10.1749-24.12.1804) botaniker",1765,"Flora Danica Hft. 4, Tab. 237

Figur 1
Latinsk navn: Glyceria plicata (Fires) Fries
Dansk slægtsnavn: Sødgræs
Dansk artsepitet: Butblomstret
Lange nomenklator: Glyceria plicata Fr.
Dansk familienavn: Græsfamilien
Latinsk familienavn: Poaceae",Digitale Samlinger: Digitale Samlinger: Billeder:Særudgivelser:Flora Danica:Taxonomisk gruppe:Karplanter,Digitale Samlinger: Billeder:Særudgivelser:Flora Danica:Hæfte:Hft.  4,Materialet er fri af ophavsret,Karplanter
floradanica_0238.tif,Cynosurus cristatus L.,Fol. Top. Bot. Danmark,"Danmark
Norge","Hornemann, Jens Wilken (6.3.1770-30.7.1841) botaniker 
Lange, Johan Martin Christian (20.3.1818-3.4.1898) botaniker 
Liebmann, Frederik Michael (10.10.1813-29.10.1856) botaniker 
Müller, Otto Frederik (2.3.1730-26.12.1784) botaniker 
Oeder, Georg Christian (3.2.1728-28.1.1791) botaniker 
Vahl, Martin (7.10.1749-24.12.1804) botaniker",1765,"Flora Danica Hft. 4, Tab. 238

Figur 1
Latinsk navn: Cynosurus cristatus L.
Dansk slægtsnavn: Kamgræs
Dansk artsepitet: Almindelig
Dansk familienavn: Græsfamilien
Latinsk familienavn: Poaceae",Digitale Samlinger: Digitale Samlinger: Billeder:Særudgivelser:Flora Danica:Taxonomisk gruppe:Karplanter,Digitale Samlinger: Billeder:Særudgivelser:Flora Danica:Hæfte:Hft.  4,Materialet er fri af ophavsret,Karplanter
floradanica_0239.tif,Aira coerulea L.,Fol. Top. Bot. Danmark,"Danmark
Norge","Hornemann, Jens Wilken (6.3.1770-30.7.1841) botaniker 
Lange, Johan Martin Christian (20.3.1818-3.4.1898) botaniker 
Liebmann, Frederik Michael (10.10.1813-29.10.1856) botaniker 
Müller, Otto Frederik (2.3.1730-26.12.1784) botaniker 
Oeder, Georg Christian (3.2.1728-28.1.1791) botaniker 
Vahl, Martin (7.10.1749-24.12.1804) botaniker",1765,"Flora Danica Hft. 4, Tab. 239

Figur 1
Latinsk navn: Molinia caerulea (L.) Moench.
Dansk slægtsnavn: Blåtop
Lange nomenklator: Enodium coeruleum (L.) Gaud.
Dansk familienavn: Græsfamilien
Latinsk familienavn: Poaceae
Alt. dansk slægtsnavn: Blåtop
Alt. dansk artsepitet: Almindelig
Alt. latinske navne: Molinia coerulea (L.) Moench",Digitale Samlinger: Digitale Samlinger: Billeder:Særudgivelser:Flora Danica:Taxonomisk gruppe:Karplanter,Digitale Samlinger: Billeder:Særudgivelser:Flora Danica:Hæfte:Hft.  4,Materialet er fri af ophavsret,Karplanter
floradanica_0241.tif,Saxifraga Cotyledon L.,Fol. Top. Bot. Danmark,"Danmark
Norge","Hornemann, Jens Wilken (6.3.1770-30.7.1841) botaniker 
Lange, Johan Martin Christian (20.3.1818-3.4.1898) botaniker 
Liebmann, Frederik Michael (10.10.1813-29.10.1856) botaniker 
Müller, Otto Frederik (2.3.1730-26.12.1784) botaniker 
Oeder, Georg Christian (3.2.1728-28.1.1791) botaniker 
Vahl, Martin (7.10.1749-24.12.1804) botaniker",1766,"Flora Danica Hft. 5, Tab. 241

Figur 1
Latinsk navn: Saxifraga cotyledon L.
Dansk slægtsnavn: Bjergfrue
Dansk familienavn: Stenbrækfamilien
Latinsk familienavn: Saxifragaceae",Digitale Samlinger: Digitale Samlinger: Billeder:Særudgivelser:Flora Danica:Taxonomisk gruppe:Karplanter,Digitale Samlinger: Billeder:Særudgivelser:Flora Danica:Hæfte:Hft.  5,Materialet er fri af ophavsret,Karplanter
